CaracteristicaAccidenteID,TIPO_DE_CALLE,CALLE,DIRECCION_NORMALIZADA,VICTIMA
1,AVENIDA,PIEDRA BUENA AV.,"PIEDRA BUENA AV. y FERNANDEZ DE LA CRUZ, F., GRAL. AV.",MOTO
2,GRAL PAZ,"PAZ, GRAL. AV.","PAZ, GRAL. AV. y DE LOS CORRALES AV.",AUTO
3,AVENIDA,ENTRE RIOS AV.,ENTRE RIOS AV. 2034,MOTO
4,AVENIDA,LARRAZABAL AV.,"LARRAZABAL AV. y VILLEGAS, CONRADO, GRAL.",MOTO
5,AVENIDA,SAN JUAN AV.,"SAN JUAN AV. y SAENZ PEÑA, LUIS, PRES.",MOTO
6,AVENIDA,27 DE FEBRERO AV.,27 DE FEBRERO AV. y ESCALADA AV.,MOTO
7,CALLE,NOGOYA,"NOGOYA y GONZALEZ, JOAQUIN V.",MOTO
8,GRAL PAZ,"PAZ, GRAL. AV.","PAZ, GRAL. AV. y DE LOS CORRALES AV.",MOTO
9,AVENIDA,BELGRANO AV.,"BELGRANO AV. e IRIGOYEN, BERNARDO DE",MOTO
10,AVENIDA,ENTRE RIOS AV.,ENTRE RIOS AV. 1366,PEATON
11,AVENIDA,"SCALABRINI ORTIZ, RAUL AV.","SCALABRINI ORTIZ, RAUL AV. y VERA",PEATON
12,AVENIDA,REGIMIENTO DE PATRICIOS AV.,"REGIMIENTO DE PATRICIOS AV. y QUINQUELA MARTIN, BENITO",MOTO
13,AVENIDA,"ACOSTA, MARIANO","ACOSTA, MARIANO y JANER, ANA MARIA",PEATON
14,CALLE,"DE LA TORRE, LISANDRO","DE LA TORRE, LISANDRO y GARCIA GRANDE DE ZEQUEIRA, SEVERO",PEATON
15,CALLE,SUIPACHA,SUIPACHA 156,PEATON
16,AVENIDA,DIRECTORIO AV.,DIRECTORIO AV. y CURAPALIGUE,AUTO
17,AVENIDA,9 DE JULIO AV.,"9 DE JULIO AV. y ALSINA, ADOLFO",MOTO
18,GRAL PAZ,"PAZ, GRAL. AV.","PAZ, GRAL. AV. y 27 DE FEBRERO AV.",AUTO
19,CALLE,HOLMBERG,HOLMBERG y VEDIA,AUTO
20,AVENIDA,CURAPALIGUE AV.,"CURAPALIGUE AV. y DIAZ, AVELINO",AUTO
21,AVENIDA,VIAMONTE,VIAMONTE y 9 DE JULIO AV.,PEATON
22,AVENIDA,CABILDO AV.,CABILDO AV. y DEHEZA,PEATON
23,GRAL PAZ,"PAZ, GRAL. AV.","PAZ, GRAL. AV. y ROCA, CNEL. AV.",MOTO
24,AVENIDA,"ALCORTA, AMANCIO AV.","ALCORTA, AMANCIO AV. y BONAVENA, OSCAR NATALIO",PEATON
25,AVENIDA,CORRIENTES AV.,CORRIENTES AV. y CALLAO AV.,MOTO
26,CALLE,HERRERA,"HERRERA y VALLE, ARISTOBULO DEL",MOTO
27,AVENIDA,LAFUENTE AV.,LAFUENTE AV. y QUIRNO,MOTO
28,GRAL PAZ,"PAZ, GRAL. AV.","PAZ, GRAL. AV. y ZUVIRIA",PEATON
29,AVENIDA,"MITRE, BARTOLOME","MITRE, BARTOLOME y PUEYRREDON AV.",MOTO
30,AVENIDA,DIRECTORIO AV.,DIRECTORIO AV. y RIVERA INDARTE AV.,MOTO
31,AVENIDA,"DELLEPIANE, LUIS, TTE. GRAL.","DELLEPIANE, LUIS, TTE. GRAL. y MURGUIONDO",PEATON
32,AVENIDA,"MORENO, JOSE MARIA AV.","MORENO, JOSE MARIA AV. y BALBASTRO",MOTO
33,GRAL PAZ,"PAZ, GRAL. AV.","PAZ, GRAL. AV. y DEL LIBERTADOR AV.",MOTO
34,CALLE,LIMA,LIMA 1483,PEATON
35,AVENIDA,CORRIENTES AV.,CORRIENTES AV. y DORREGO AV.,PEATON
36,AUTOPISTA,AUTOPISTA 1 SUR PRESIDENTE ARTURO FRONDIZI,AUTOPISTA 1 SUR PRESIDENTE ARTURO FRONDIZI,SD
37,AVENIDA,"GORDILLO, TIMOTEO","GORDILLO, TIMOTEO y FERNANDEZ DE LA CRUZ, F., GRAL. AV.",PEATON
38,AVENIDA,"ALCORTA, AMANCIO AV.","ALCORTA, AMANCIO AV. y BONAVENA, OSCAR NATALIO",MOTO
39,AUTOPISTA,"LUGONES, LEOPOLDO AV.",AUTOPISTA LUGONES PK 10000,MOTO
40,AVENIDA,TRIUNVIRATO AV.,TRIUNVIRATO AV. y OLAZABAL AV.,PEATON
41,AUTOPISTA,AUTOPISTA DELLEPIANE LUIS TTE. GRAL.,"AUTOPISTA DELLEPIANE LUIS TTE. GRAL. y PAZ, GRAL. AV.",MOTO
42,AVENIDA,"CASTILLA, RAMON, MARISCAL","CASTILLA, RAMON, MARISCAL y FIGUEROA ALCORTA, PRES. AV.",PEATON
43,AVENIDA,"CAMPOS, LUIS M. AV.","CAMPOS, LUIS M. AV. 30",MOTO
44,CALLE,LIMA,LIMA 1471,PEATON
45,CALLE,CIUDADELA,CIUDADELA y LIMA,PEATON
46,AVENIDA,"JUSTO, JUAN B. AV.","JUSTO, JUAN B. AV. y CARRASCO AV.",PEATON
47,AVENIDA,GAONA AV.,GAONA AV. y ESPINOSA,PEATON
48,AVENIDA,"DE LA TORRE, LISANDRO","DE LA TORRE, LISANDRO y SARAZA",MOTO
49,AVENIDA,"FIGUEROA ALCORTA, PRES. AV.","FIGUEROA ALCORTA, PRES. AV. y PUEYRREDON AV.",MOTO
50,AVENIDA,ENTRE RIOS AV.,ENTRE RIOS AV. y FILIBERTO,AUTO
51,CALLE,"MAGARI?OS CERVANTES, A.","MAGARIÑOS CERVANTES, A. 3900",MOTO
52,GRAL PAZ,"PAZ, GRAL. AV.","PAZ, GRAL. AV. y SCAPINO, RODOLFO",AUTO
53,AUTOPISTA,AUTOPISTA DELLEPIANE LUIS TTE. GRAL.,AUTOPISTA DELLEPIANE LUIS TTE. GRAL. y MIRALLA,PEATON
54,AVENIDA,SAN MARTIN AV.,SAN MARTIN AV. y CAMARONES,PEATON
55,AVENIDA,"PERON, JUAN DOMINGO, TTE. GENERAL","PERON, JUAN DOMINGO, TTE. GENERAL y ALEM, LEANDRO N. AV.",PEATON
56,AVENIDA,BELGRANO AV.,BELGRANO AV. y JUJUY AV.,MOTO
57,AVENIDA,DEL LIBERTADOR AV.,"DEL LIBERTADOR AV. y UDAONDO, GUILLERMO AV.",AUTO
58,GRAL PAZ,"PAZ, GRAL. AV.","PAZ, GRAL. AV. y RIVADAVIA AV.",AUTO
59,AVENIDA,"LARRALDE, CRISOLOGO AV.","LARRALDE, CRISOLOGO AV. y MACHAIN",MOTO
60,AVENIDA,LA PLATA AV.,LA PLATA AV. 2384,PEATON
61,AVENIDA,"ALBERDI, JUAN BAUTISTA AV.","ALBERDI, JUAN BAUTISTA AV. y PUAN",PEATON
62,CALLE,"PELLEGRINI, CARLOS","PELLEGRINI, CARLOS y TUCUMAN",PEATON
63,AVENIDA,"RABANAL, FRANCISCO, INTENDENTE AV.","RABANAL, FRANCISCO, INTENDENTE AV. y EREZCANO",MOTO
64,AVENIDA,OLIVERA AV.,"OLIVERA AV. y FALCON, RAMON L.,CNEL.",PEATON
65,AUTOPISTA,AUTOPISTA 1 SUR PRESIDENTE ARTURO FRONDIZI,AUTOPISTA 1 SUR PRESIDENTE ARTURO FRONDIZI y CASEROS AV.,MOTO
66,CALLE,CERETTI,CERETTI y NUÑEZ,PEATON
67,AUTOPISTA,"LUGONES, LEOPOLDO AV.","LUGONES, LEOPOLDO AV. y LA PAMPA",PEATON
68,AVENIDA,"SALGUERO, JERONIMO","SALGUERO, JERONIMO y RIVADAVIA AV.",PEATON
69,AVENIDA,"ALBERDI, JUAN BAUTISTA AV.","ALBERDI, JUAN BAUTISTA AV. y MITRE, EMILIO",AUTO
70,AVENIDA,MERCEDES,MERCEDES y MOSCONI GENERAL AV.,MOTO
71,AUTOPISTA,AUTOPISTA DELLEPIANE LUIS TTE. GRAL.,AUTOPISTA DELLEPIANE LUIS TTE. GRAL.,MOTO
72,CALLE,SOLIS,SOLIS y MEXICO,PEATON
73,AVENIDA,SAN JUAN AV.,SAN JUAN AV. y ALBERTI,MOTO
74,GRAL PAZ,MOSCONI GENERAL AV.,"MOSCONI GENERAL AV. y PAZ, GRAL. AV.",CARGAS
75,GRAL PAZ,"PAZ, GRAL. AV.","PAZ, GRAL. AV. y DONADO",MOTO
76,GRAL PAZ,"PAZ, GRAL. AV.","PAZ, GRAL. AV. y CHAVEZ, JORGE",SD
77,AVENIDA,"PERON, EVA AV.","PERON, EVA AV. y SUAREZ, JOSE LEON",MOTO
78,AVENIDA,ZINNY,ZINNY y SANTIAGO DE COMPOSTELA AV.,MOTO
79,AVENIDA,"LACROZE, FEDERICO AV.","LACROZE, FEDERICO AV. y FRAGA",PEATON
80,AVENIDA,"PELLEGRINI, CARLOS","PELLEGRINI, CARLOS y DEL LIBERTADOR AV.",PEATON
81,AUTOPISTA,AUTOPISTA 1 SUR PRESIDENTE ARTURO FRONDIZI,AUTOPISTA 1 SUR PRESIDENTE ARTURO FRONDIZI y DON PEDRO DE MENDOZA AV.,MOTO
82,AUTOPISTA,AUTOPISTA PERITO MORENO,AUTOPISTA PERITO MORENO y BARRAGAN,AUTO
83,AVENIDA,"ALBERDI, JUAN BAUTISTA AV.","ALBERDI, JUAN BAUTISTA AV. y CARHUE",PEATON
84,AUTOPISTA,LUGONES,LUGONES y LA PAMPA,MOTO
85,AUTOPISTA,AUTOPISTA 25 DE MAYO,AUTOPISTA 25 DE MAYO y AUTOPISTA 1 SUR PRESIDENTE ARTURO FRONDIZI,MOTO
86,AVENIDA,"ALBERDI, JUAN BAUTISTA AV.","ALBERDI, JUAN BAUTISTA AV. y GUARDIA NACIONAL",PEATON
87,CALLE,"SALGUERO, JERONIMO","SALGUERO, JERONIMO 1410",BICICLETA
88,CALLE,ARIAS,ARIAS y TRONADOR,SD
89,AVENIDA,DEL LIBERTADOR AV.,DEL LIBERTADOR AV. y TAGLE,AUTO
90,AUTOPISTA,AUTOPISTA 1 SUR PRESIDENTE ARTURO FRONDIZI,AUTOPISTA 1 SUR PRESIDENTE ARTURO FRONDIZI KM. 2.9,AUTO
91,AVENIDA,"LARRALDE, CRISOLOGO AV.","LARRALDE, CRISOLOGO AV. y TRIUNVIRATO AV.",SD
92,AVENIDA,"PERON, EVA AV.","PERON, EVA AV. 4233",BICICLETA
93,AVENIDA,ASAMBLEA AV.,"ASAMBLEA AV. y BONORINO, ESTEBAN, CNEL. AV.",MOTO
94,AVENIDA,RIVADAVIA AV.,RIVADAVIA AV. y RIVERA INDARTE AV.,PEATON
95,AUTOPISTA,AUTOPISTA PERITO MORENO,"AUTOPISTA PERITO MORENO y ALBERDI, JUAN BAUTISTA AV.",MOTO
96,CALLE,IRIGOYEN,IRIGOYEN y TINOGASTA,AUTO
97,AVENIDA,"ACOSTA, MARIANO","ACOSTA, MARIANO y ROCA, CNEL. AV.",PEATON
98,AVENIDA,CASTRO,CASTRO y PAVON AV.,PEATON
99,AUTOPISTA,AUTOPISTA 1 SUR PRESIDENTE ARTURO FRONDIZI,AUTOPISTA 1 SUR PRESIDENTE ARTURO FRONDIZI y BRASIL,MOTO
100,CALLE,MIRAVE,MIRAVE 3500,PEATON
101,AVENIDA,SAN JUAN AV.,SAN JUAN AV. y 24 DE NOVIEMBRE,AUTO
102,AVENIDA,LAS HERAS GENERAL AV.,LAS HERAS GENERAL AV. y SANCHEZ DE BUSTAMANTE,MOTO
103,AVENIDA,PIEDRA BUENA AV.,PIEDRA BUENA AV. y 2 DE ABRIL DE 1982,MOTO
104,AVENIDA,"FIGUEROA ALCORTA, PRES. AV.","FIGUEROA ALCORTA, PRES. AV. y PINEDO, INT.",PEATON
105,AUTOPISTA,AUTOPISTA BUENOS AIRES - LA PLATA,AU BUENOS AIRES - LA PLATA KM. 4,MOTO
106,AVENIDA,SAN MARTIN AV.,SAN MARTIN AV. y LADINES,MOTO
107,AVENIDA,CABILDO AV.,CABILDO AV. y BLANCO ENCALADA,BICICLETA
108,AVENIDA,"FIGUEROA ALCORTA, PRES. AV.","FIGUEROA ALCORTA, PRES. AV. y DORREGO AV.",MOTO
109,AVENIDA,JURAMENTO AV.,JURAMENTO AV. y VUELTA DE OBLIGADO,PASAJEROS
110,AVENIDA,DEL LIBERTADOR AV.,"DEL LIBERTADOR AV. y RAMOS MEJIA, JOSE MARIA, DR. AV.",MOTO
111,AVENIDA,"BROWN, ALTE. AV.","BROWN, ALTE. AV. 984",PEATON
112,AVENIDA,DEL LIBERTADOR AV.,DEL LIBERTADOR AV. y LA PAMPA,MOTO
113,AVENIDA,PICHINCHA AV.,PICHINCHA AV. y BRASIL,PEATON
114,AVENIDA,INDEPENDENCIA AV.,"INDEPENDENCIA AV. y CEVALLOS, VIRREY",MOVIL
115,AVENIDA,GARMENDIA AV.,GARMENDIA AV. 4895,MOTO
116,AVENIDA,"ALCORTA, AMANCIO AV.","ALCORTA, AMANCIO AV. y TABORDA, DIOGENES",CARGAS
117,AVENIDA,"MORENO, PERITO AV.","MORENO, PERITO AV. y ZUVIRIA",MOTO
118,AVENIDA,ARAOZ,ARAOZ y CORDOBA AV.,PEATON
119,GRAL PAZ,"PAZ, GRAL. AV.","PAZ, GRAL. AV. 15200",MOTO
120,CALLE,MADERO,MADERO 900,PEATON
121,AVENIDA,INDEPENDENCIA AV.,INDEPENDENCIA AV. y DEAN FUNES,MOTO
122,AVENIDA,"JUSTO, JUAN B. AV.","JUSTO, JUAN B. AV. 5645",MOTO
123,AVENIDA,27 DE FEBRERO AV.,27 DE FEBRERO AV. y ESCALADA AV.,AUTO
124,AUTOPISTA,AUTOPISTA PERITO MORENO,AUTOPISTA PERITO MORENO (ALTURA VELEZ SARSFIELD),CARGAS
125,AVENIDA,SANTA FE AV.,SANTA FE AV. y GODOY CRUZ,PEATON
126,AVENIDA,"LACROZE, FEDERICO AV.","LACROZE, FEDERICO AV. y FOREST AV.",PEATON
127,GRAL PAZ,"PAZ, GRAL. AV.","PAZ, GRAL. AV. y MOSCONI GENERAL AV.",MOTO
128,AVENIDA,LA PLATA AV.,"LA PLATA AV. y POMAR, GREGORIO TTE. CNEL.",AUTO
129,AVENIDA,"GARCIA, MARTIN AV.","GARCIA, MARTIN AV. 300",BICICLETA
130,AVENIDA,LA PLATA AV.,"LA PLATA AV. y POMAR, GREGORIO TTE. CNEL.",MOTO
131,AVENIDA,NUÑEZ,"NUÑEZ y BALBIN, RICARDO, DR. AV.",MOTO
132,GRAL PAZ,"PAZ, GRAL. AV.","PAZ, GRAL. AV. 4500",MOTO
133,AUTOPISTA,"HUERGO, ING. AV.","HUERGO, ING. AV. y AUTOPISTA 25 DE MAYO",MOTO
134,AVENIDA,"GARAY, JUAN DE AV.","GARAY, JUAN DE AV. y CASTRO",MOTO
135,AVENIDA,DIRECTORIO AV.,DIRECTORIO AV. y SAN PEDRITO AV.,MOTO
136,AUTOPISTA,AUTOPISTA 25 DE MAYO,AUTOPISTA 25 DE MAYO,SD
137,CALLE,"FALCON, RAMON L.,CNEL.","FALCON, RAMON L.,CNEL. y MEMBRILLAR",PEATON
138,AVENIDA,BELGRANO AV.,BELGRANO AV. y PASEO COLON AV.,MOTO
139,CALLE,ARENALES,ARENALES 3319,PEATON
140,CALLE,REPUBLICA BOLIVARIANA DE VENEZUELA,REPUBLICA BOLIVARIANA DE VENEZUELA y SAAVEDRA,PEATON
141,AVENIDA,"JUSTO, JUAN B. AV.","JUSTO, JUAN B. AV. y ACHUPALLAS",MOTO
142,AVENIDA,OLAVARRIA,OLAVARRIA y VELEZ SARSFIELD AV.,CARGAS
143,CALLE,LIMA,LIMA y MEXICO,PEATON
144,CALLE,"CABRERA, JOSE A.","CABRERA, JOSE A. y BONPLAND",MOTO
145,AUTOPISTA,AUTOPISTA 25 DE MAYO,AUTOPISTA 25 DE MAYO y BOEDO AV.,MOTO
146,AVENIDA,DIRECTORIO AV.,DIRECTORIO AV. y RIGLOS,MOTO
147,GRAL PAZ,"PAZ, GRAL. AV.","PAZ, GRAL. AV. y BALBIN, RICARDO, DR. AV.",MOTO
148,CALLE,TRAFUL,"TRAFUL y TABORDA, DIOGENES",MOTO
149,AVENIDA,"IRIARTE, GRAL. AV.","IRIARTE, GRAL. AV. 3055",PEATON
150,AVENIDA,DONADO,DONADO y ARIAS,MOTO
151,AVENIDA,CORDOBA AV.,CORDOBA AV. y CALLAO AV.,PEATON
152,AUTOPISTA,AUTOPISTA 25 DE MAYO,AUTOPISTA 25 DE MAYO KM. 8.3,MOTO
153,AVENIDA,"JUSTO, JUAN B. AV.","JUSTO, JUAN B. AV. y PARAGUAY",MOTO
154,CALLE,SARMIENTO,SARMIENTO y LIBERTAD,MOTO
155,AVENIDA,RIVADAVIA AV.,RIVADAVIA AV. 7121,PEATON
156,AVENIDA,"FERNANDEZ DE LA CRUZ, F., GRAL. AV.","FERNANDEZ DE LA CRUZ, F., GRAL. AV. y RIVERA INDARTE AV.",MOTO
157,AVENIDA,"MORENO, PERITO AV.","MORENO, PERITO AV. y FOURNIER",AUTO
158,AVENIDA,CASEROS AV.,CASEROS AV. 1429,PEATON
159,AVENIDA,GAONA AV.,GAONA AV. y FRAGATA PRES. SARMIENTO,PEATON
160,CALLE,MOZART,MOZART y TANDIL,SD
161,AVENIDA,MOZART,MOZART y AUTOPISTA DELLEPIANE LUIS TTE. GRAL.,AUTO
162,CALLE,24 DE NOVIEMBRE,24 DE NOVIEMBRE y PAVON,AUTO
163,GRAL PAZ,"PAZ, GRAL. AV.","PAZ, GRAL. AV. y LOS CEDROS",AUTO
164,GRAL PAZ,"PAZ, GRAL. AV.","PAZ, GRAL. AV. y GUTIERREZ, RICARDO",AUTO
165,CALLE,GODOY CRUZ,GODOY CRUZ 2651,PEATON
166,AVENIDA,"ACHAVAL RODRIGUEZ, T., DR. AV.","ACHAVAL RODRIGUEZ, T., DR. AV. y VILLAFLOR, AZUCENA",AUTO
167,GRAL PAZ,"PAZ, GRAL. AV.","PAZ, GRAL. AV. y CAMPANA",MOTO
168,AVENIDA,INDEPENDENCIA AV.,"INDEPENDENCIA AV. y CEVALLOS, VIRREY",MOTO
169,AVENIDA,CASTA?ARES AV.,CASTAÑARES AV. y LAUTARO,MOTO
170,AVENIDA,"GUIRALDES, INT.","GUIRALDES, INT. 2699",AUTO
171,CALLE,"FERNANDEZ MORENO, BALDOMERO","FERNANDEZ MORENO, BALDOMERO 2186",MOTO
172,GRAL PAZ,"LUGONES, LEOPOLDO AV.","LUGONES, LEOPOLDO AV.",MOTO
173,CALLE,NOGOYA,NOGOYA 5940,MOTO
174,AVENIDA,ARGENTINA AV.,ARGENTINA AV. y CORVALAN,MOTO
175,AVENIDA,"FERNANDEZ DE LA CRUZ, F., GRAL. AV.","FERNANDEZ DE LA CRUZ, F., GRAL. AV. y VARELA AV.",PEATON
176,AUTOPISTA,AUTOPISTA PERITO MORENO,AU PERITO MORENO Y RAMAL ENLACE AU1/AU6,MOTO
177,AUTOPISTA,AUTOPISTA DELLEPIANE LUIS TTE. GRAL.,AU DELLEPIANE 2400,AUTO
178,GRAL PAZ,"PAZ, GRAL. AV.","PAZ, GRAL. AV. y GOLETA SANTA CRUZ",PEATON
179,CALLE,VIEYTES,VIEYTES y VILLARINO,MOTO
180,AVENIDA,DE LOS CONSTITUYENTES AV.,"DE LOS CONSTITUYENTES AV. y MORAN, PEDRO",MOTO
181,AVENIDA,DE LOS CONSTITUYENTES AV.,DE LOS CONSTITUYENTES AV. 4900,AUTO
182,AVENIDA,CORDOBA AV.,CORDOBA AV. y LIBERTAD,PEATON
183,CALLE,BRASIL,BRASIL y LIMA,PEATON
184,AVENIDA,ESCALADA AV.,"ESCALADA AV. y FERNANDEZ DE LA CRUZ, F., GRAL. AV.",MOTO
185,AVENIDA,PARAGUAY,PARAGUAY y CALLAO AV.,PEATON
186,AVENIDA,"JUSTO, JUAN B. AV.","JUSTO, JUAN B. AV. y SAN BLAS",MOTO
187,AVENIDA,CHILE,CHILE y 9 DE JULIO AV.,PEATON
188,CALLE,MAIPU,"MAIPU y PERON, JUAN DOMINGO, TTE. GENERAL",CARGAS
189,AVENIDA,SUAREZ AV.,SUAREZ AV. y HERRERA,BICICLETA
190,AVENIDA,SAN MARTIN AV.,SAN MARTIN AV. y FRAGATA PRES. SARMIENTO,PEATON
191,AVENIDA,DIRECTORIO AV.,"DIRECTORIO AV. y MORENO, JOSE MARIA AV.",MOTO
192,AVENIDA,"RABANAL, FRANCISCO, INTENDENTE AV.","RABANAL, FRANCISCO, INTENDENTE AV. 2950",MOTO
193,GRAL PAZ,"PAZ, GRAL. AV.","PAZ, GRAL. AV. y SCHMIDL, ULRICO",MOTO
194,CALLE,NUEVA YORK,NUEVA YORK 3696,PEATON
195,AVENIDA,DE LOS CONSTITUYENTES AV.,DE LOS CONSTITUYENTES AV. y VALLEJOS,AUTO
196,AVENIDA,CORRIENTES AV.,CORRIENTES AV. y ECUADOR,MOTO
197,CALLE,CASCO,CASCO 133,SD
198,AVENIDA,DE MAYO AV.,DE MAYO AV. y 9 DE JULIO AV.,PEATON
199,AVENIDA,"CASTILLO, RAMON S., PRES. AV.","CASTILLO, RAMON S., PRES. AV. y CALLE 12 (NO OFICIAL)",PEATON
200,CALLE,FRAY JUSTO SANTAMARIA DE ORO,FRAY JUSTO SANTAMARIA DE ORO 1930,MOTO
201,CALLE,MEXICO,MEXICO y DEAN FUNES,MOTO
202,AVENIDA,"ALBERDI, JUAN BAUTISTA AV.","ALBERDI, JUAN BAUTISTA AV. y ESCALADA AV.",PEATON
203,AVENIDA,ENTRE RIOS AV.,ENTRE RIOS AV. y BRASIL,PEATON
204,AVENIDA,"ALBERDI, JUAN BAUTISTA AV.","ALBERDI, JUAN BAUTISTA AV. y GUARDIA NACIONAL",MOTO
205,AVENIDA,DEL LIBERTADOR AV.,DEL LIBERTADOR AV. y RODRIGUEZ PEÑA,PEATON
206,AVENIDA,TACUARI,"TACUARI y GARCIA, MARTIN AV.",PEATON
207,AVENIDA,RIVADAVIA AV.,RIVADAVIA AV. y MURGUIONDO,PEATON
208,CALLE,24 DE NOVIEMBRE,24 DE NOVIEMBRE 390,PEATON
209,AVENIDA,PASEO COLON AV.,PASEO COLON AV. y BRASIL AV.,PEATON
210,CALLE,"LEGUIZAMON, MARTINIANO","LEGUIZAMON, MARTINIANO 901",SD
211,GRAL PAZ,CHIVILCOY AV.,"CHIVILCOY AV. y PAZ, GRAL. AV.",PEATON
212,GRAL PAZ,SUPERI,"SUPERI y PAZ, GRAL. AV.",MOTO
213,AUTOPISTA,AUTOPISTA 25 DE MAYO,AUTOPISTA 25 DE MAYO y AUTOPISTA 1 SUR PRESIDENTE ARTURO FRONDIZI,PEATON
214,AUTOPISTA,"LUGONES, LEOPOLDO AV.","LUGONES, LEOPOLDO AV. y PUENTE DISTRIBUIDOR SCALABRINI ORTIZ",PEATON
215,CALLE,"HUGO, VICTOR","HUGO, VICTOR 2639",BICICLETA
216,AVENIDA,CORDOBA AV.,"CORDOBA AV. y SALGUERO, JERONIMO",MOTO
217,AVENIDA,CABILDO AV.,CABILDO AV. y NUÑEZ,PEATON
218,CALLE,"BONIFACIO, JOSE","BONIFACIO, JOSE 2114",PEATON
219,AVENIDA,"FIGUEROA ALCORTA, PRES. AV.","FIGUEROA ALCORTA, PRES. AV. 5400",BICICLETA
220,CALLE,REPUBLICA BOLIVARIANA DE VENEZUELA,REPUBLICA BOLIVARIANA DE VENEZUELA 2135,MOTO
221,AVENIDA,"LACROZE, FEDERICO AV.","LACROZE, FEDERICO AV. y ZAPATA",PEATON
222,AVENIDA,"IRIARTE, GRAL. AV.","IRIARTE, GRAL. AV. y ZAVALETA",PEATON
223,AVENIDA,9 DE JULIO AV.,9 DE JULIO AV. y ESTADOS UNIDOS,PEATON
224,CALLE,FRAY JUSTO SANTAMARIA DE ORO,FRAY JUSTO SANTAMARIA DE ORO y GUEMES,PEATON
225,AVENIDA,DEL LIBERTADOR AV.,DEL LIBERTADOR AV. y JARAMILLO,MOTO
226,GRAL PAZ,"PAZ, GRAL. AV.","PAZ, GRAL. AV. y MACHAIN",OBJETO FIJO
227,AVENIDA,DIRECTORIO AV.,DIRECTORIO AV. y PORTELA,MOTO
228,AVENIDA,LAVALLE,"LAVALLE y ALEM, LEANDRO N. AV.",PEATON
229,CALLE,USPALLATA,USPALLATA y PIROVANO,PEATON
230,AUTOPISTA,AUTOPISTA 25 DE MAYO,AUTOPISTA 25 DE MAYO y VARELA AV.,AUTO
231,AVENIDA,SANTA FE AV.,SANTA FE AV. y MAIPU,PEATON
232,AVENIDA,ALVEAR AV.,ALVEAR AV. y DEL LIBERTADOR AV.,AUTO
233,AVENIDA,PAVON AV.,PAVON AV. y TREINTA Y TRES ORIENTALES,MOTO
234,GRAL PAZ,"PAZ, GRAL. AV.","PAZ, GRAL. AV. 5750",MOTO
235,AVENIDA,VIEYTES,"VIEYTES y CRUZ, OSVALDO AV.",MOTO
236,AUTOPISTA,AUTOPISTA DELLEPIANE LUIS TTE. GRAL.,AUTOPISTA DELLEPIANE LUIS TTE. GRAL. y ESCALADA AV.,MOTO
237,AVENIDA,ALBARI?O,ALBARIÑO y ARGENTINA AV.,PEATON
238,CALLE,"RAMIREZ DE VELASCO, JUAN","RAMIREZ DE VELASCO, JUAN 1211",MOTO
239,AVENIDA,"FERNANDEZ DE LA CRUZ, F., GRAL. AV.","FERNANDEZ DE LA CRUZ, F., GRAL. AV. y LARRAYA",MOTO
240,AVENIDA,RIESTRA AV.,RIESTRA AV. y CAÑADA DE GOMEZ,AUTO
241,AVENIDA,GALLO,GALLO y CORDOBA AV.,MOTO
242,CALLE,"ARANGUREN, JUAN F., DR.","ARANGUREN, JUAN F., DR. 611",PEATON
243,AUTOPISTA,AUTOPISTA PERITO MORENO,AUTOPISTA PERITO MORENO y AUTOPISTA 25 DE MAYO,MOTO
244,AVENIDA,CHORROARIN,CHORROARIN y SAN MARTIN AV.,AUTO
245,AVENIDA,COSQUIN,"COSQUIN y ROCA, CNEL. AV.",MOTO
246,AVENIDA,"ROCA, CNEL. AV.","ROCA, CNEL. AV. 3555",PEATON
247,AVENIDA,WARNES AV.,WARNES AV. y PUNTA ARENAS,MOTO
248,AVENIDA,BARCO CENTENERA DEL,"BARCO CENTENERA DEL y RABANAL, FRANCISCO, INTENDENTE AV.",PEATON
249,AVENIDA,MOSCONI GENERAL AV.,MOSCONI GENERAL AV. y SAN NICOLAS,PEATON
250,AVENIDA,LAFUENTE AV.,"LAFUENTE AV. y PERON, EVA AV.",MOTO
251,AVENIDA,"ROCA, CNEL. AV.","ROCA, CNEL. AV. y ESCALADA AV.",AUTO
252,AUTOPISTA,AUTOPISTA 1 SUR PRESIDENTE ARTURO FRONDIZI,AUTOPISTA 1 SUR PRESIDENTE ARTURO FRONDIZI,MOTO
253,AVENIDA,LA PLATA AV.,"LA PLATA AV. y GOYENA, PEDRO AV.",PEATON
254,CALLE,"TRELLES, MANUEL R.","TRELLES, MANUEL R. y DIAZ, CESAR, GRAL.",AUTO
255,GRAL PAZ,"ROCA, CNEL. AV.","ROCA, CNEL. AV. y PAZ, GRAL. AV.",AUTO
256,CALLE,MAZA,MAZA y DON BOSCO,MOTO
257,GRAL PAZ,"PAZ, GRAL. AV.","PAZ, GRAL. AV. y PERON, EVA AV.",MOTO
258,AVENIDA,SAN JUAN AV.,SAN JUAN AV. y LA RIOJA,PEATON
259,AVENIDA,PASEO COLON AV.,PASEO COLON AV. y MEXICO,PEATON
260,AVENIDA,RIVADAVIA AV.,RIVADAVIA AV. y MIRALLA,PEATON
261,CALLE,VIEYTES,VIEYTES y LUJAN,PEATON
262,CALLE,CACHI,CACHI y TRAFUL,BICICLETA
263,AVENIDA,ROSARIO,ROSARIO y LA PLATA AV.,MOTO
264,AVENIDA,ENTRE RIOS AV.,ENTRE RIOS AV. y CASEROS AV.,PEATON
265,AVENIDA,RIVADAVIA AV.,RIVADAVIA AV. 6350,SD
266,GRAL PAZ,"PAZ, GRAL. AV.","PAZ, GRAL. AV. y HUMAITA",AUTO
267,GRAL PAZ,GUALEGUAYCHU,"GUALEGUAYCHU y PAZ, GRAL. AV.",MOTO
268,AVENIDA,NAZCA AV.,NAZCA AV. 365,PEATON
269,AVENIDA,"PERON, EVA AV.","PERON, EVA AV. 5249",PEATON
270,AVENIDA,SAN JUAN AV.,SAN JUAN AV. y RINCON,PEATON
271,CALLE,PERU,PERU 937,BICICLETA
272,AVENIDA,"PUEYRREDON, HONORIO, DR. AV.","PUEYRREDON, HONORIO, DR. AV. y GALICIA",PEATON
273,AVENIDA,DEL LIBERTADOR AV.,DEL LIBERTADOR AV. y MANZANARES,MOTO
274,AVENIDA,PASEO COLON AV.,PASEO COLON AV. 1019,PEATON
275,CALLE,VALLE,VALLE y BARCO CENTENERA DEL,BICICLETA
276,AUTOPISTA,AUTOPISTA PERITO MORENO,AUTOPISTA PERITO MORENO KM. 0.6,AUTO
277,AVENIDA,"HUERGO, ING. AV.","HUERGO, ING. AV. e INDEPENDENCIA AV.",MOTO
278,AVENIDA,PILCOMAYO,"PILCOMAYO y BROWN, ALTE. AV.",MOTO
279,CALLE,CERVANTES,"CERVANTES y BELAUSTEGUI, LUIS, DR.",MOTO
280,AVENIDA,CALLAO AV.,"CALLAO AV. y LOPEZ, VICENTE",PEATON
281,CALLE,OLIDEN,"OLIDEN y CHILAVERT, MARTINIANO, CORONEL",MOTO
282,AVENIDA,CONGRESO AV.,CONGRESO AV. y GALVAN,MOTO
283,AVENIDA,"MORENO, PERITO AV.","MORENO, PERITO AV. y RIVERA INDARTE AV.",PEATON
284,AVENIDA,AUSTRALIA AV.,AUSTRALIA AV. 2800,MOTO
285,AVENIDA,SAN PEDRITO AV.,SAN PEDRITO AV. y RIVADAVIA AV.,PEATON
286,CALLE,ISABEL LA CATOLICA,"ISABEL LA CATOLICA y SALVADORES, CNEL.",MOTO
287,AVENIDA,LAS HERAS GENERAL AV.,LAS HERAS GENERAL AV. y CALLAO AV.,PEATON
288,AUTOPISTA,AUTOPISTA PRESIDENTE HECTOR J. CAMPORA,"FERNANDEZ DE LA CRUZ F., GRAL. AV. y AUTOPISTA PRESIDENTE HECTOR J. CAMPORA",MOTO
289,AVENIDA,"ALCORTA, AMANCIO AV.","ALCORTA, AMANCIO AV. y ZAVALETA",PEATON
290,AVENIDA,"MONTES DE OCA, MANUEL AV.","MONTES DE OCA, MANUEL AV. y OLAVARRIA",MOTO
291,CALLE,BARCO CENTENERA DEL,BARCO CENTENERA DEL y ROSARIO,MOTO
292,AVENIDA,ALVAREZ THOMAS AV.,ALVAREZ THOMAS AV. y DONADO,PEATON
293,AVENIDA,AVELLANEDA AV.,AVELLANEDA AV. y BOYACA AV.,PEATON
294,AVENIDA,"RABANAL, FRANCISCO, INTENDENTE AV.","RABANAL, FRANCISCO, INTENDENTE AV. y SAENZ AV.",MOVIL
295,CALLE,CASTRO,CASTRO y RONDEAU,PEATON
296,AVENIDA,"BILBAO, FRANCISCO AV.","BILBAO, FRANCISCO AV. y AZUL",PEATON
297,AVENIDA,NAZCA AV.,NAZCA AV. y GAONA AV.,MOTO
298,AVENIDA,PLAZA,PLAZA y ALVAREZ THOMAS AV.,MOTO
299,AVENIDA,GAONA AV.,"GAONA AV. y ARTIGAS, JOSE GERVASIO, GRAL.",MOTO
300,AVENIDA,CABILDO AV.,CABILDO AV. y AGUILAR,PEATON
301,AVENIDA,CAMARONES,CAMARONES y LOPE DE VEGA AV.,MOTO
302,AVENIDA,SANTA FE AV.,SANTA FE AV. 2320,PEATON
303,AVENIDA,RIVADAVIA AV.,RIVADAVIA AV. 6950,PEATON
304,AVENIDA,SAN MARTIN AV.,SAN MARTIN AV. y ARGERICH,MOTO
305,AVENIDA,CORDOBA AV.,"CORDOBA AV. y URIBURU JOSE E., PRES.",PEATON
306,AVENIDA,RIVADAVIA AV.,RIVADAVIA AV. 1571,PEATON
307,AUTOPISTA,"LUGONES, LEOPOLDO AV.",AUTOPISTA LUGONES KM 4.7,PEATON
308,CALLE,"FREIRE, RAMON, CAP. GRAL.","FREIRE, RAMON, CAP. GRAL. y OLAGUER Y FELIU, VIRREY",PEATON
309,AVENIDA,LA PLATA AV.,"LA PLATA AV. y FERNANDEZ DE LA CRUZ, F., GRAL. AV.",PEATON
310,CALLE,BRANDSEN,BRANDSEN y PERDRIEL,MOTO
311,AVENIDA,"VILARDEBO, TEODORO","VILARDEBO, TEODORO y ALVAREZ JONTE AV.",MOTO
312,AVENIDA,ALBERTI,ALBERTI e INDEPENDENCIA AV.,PEATON
313,AVENIDA,ALVAREZ THOMAS AV.,ALVAREZ THOMAS AV. 879,AUTO
314,GRAL PAZ,"PAZ, GRAL. AV.","PAZ, GRAL. AV. y RIVADAVIA AV.",PEATON
315,AVENIDA,RIVADAVIA AV.,RIVADAVIA AV. y PEDERNERA,PEATON
316,CALLE,QUESADA,QUESADA 2300,PEATON
317,AVENIDA,CABILDO AV.,CABILDO AV. y JURAMENTO AV.,PEATON
318,CALLE,CALIFORNIA,"CALIFORNIA y CARBONARI, FRANCISCO, CMTE.",PEATON
319,AVENIDA,"CARRIL, SALVADOR MARIA DEL AV.","CARRIL, SALVADOR MARIA DEL AV. y NAZCA",PEATON
320,CALLE,SAN LUIS,SAN LUIS y AGUERO,MOTO
321,CALLE,LUGONES,LUGONES 2430,PEATON
322,AVENIDA,INDEPENDENCIA AV.,INDEPENDENCIA AV. y JUJUY AV.,MOTO
323,AVENIDA,RIVADAVIA AV.,RIVADAVIA AV. 11050,PEATON
324,CALLE,COMBATE DE LOS POZOS,COMBATE DE LOS POZOS y HUMBERTO 1° A,MOTO
325,AVENIDA,CORDOBA AV.,CORDOBA AV. y THAMES,MOTO
326,AVENIDA,"GARAY, JUAN DE AV.","GARAY, JUAN DE AV. y SANCHEZ DE LORIA",MOTO
327,CALLE,ESTADOS UNIDOS,ESTADOS UNIDOS y PICHINCHA,MOTO
328,CALLE,ROSARIO,ROSARIO y BARCO CENTENERA DEL,PEATON
329,AVENIDA,"ALEM, LEANDRO N. AV.","ALEM, LEANDRO N. AV. y VIAMONTE",PEATON
330,AVENIDA,VARELA AV.,VARELA AV. y PRIMERA JUNTA,AUTO
331,CALLE,"PELLEGRINI, CARLOS","PELLEGRINI, CARLOS y JUNCAL",MOTO
332,AVENIDA,CORRIENTES AV.,"CORRIENTES AV. y LACROZE, FEDERICO AV.",PEATON
333,AVENIDA,"MONTES DE OCA, MANUEL AV.","MONTES DE OCA, MANUEL AV. y FINOCHIETTO ENRIQUE DR.",PASAJEROS
334,AVENIDA,CARABOBO AV.,"CARABOBO AV. y ALBERDI, JUAN BAUTISTA AV.",MOTO
335,AVENIDA,CORDOBA AV.,CORDOBA AV. 2215,BICICLETA
336,CALLE,ESTADOS UNIDOS,"ESTADOS UNIDOS y URQUIZA, GRAL.",MOTO
337,AVENIDA,MORENO,"MORENO y HUERGO, ING. AV.",MOTO
338,AUTOPISTA,AUTOPISTA DELLEPIANE LUIS TTE. GRAL.,AUTOPISTA DELLEPIANE LUIS TTE. GRAL. y MONTIEL,MOTO
339,AVENIDA,"IRIARTE, GRAL. AV.","IRIARTE, GRAL. AV. 3400",PEATON
340,AVENIDA,"ALBERDI, JUAN BAUTISTA AV.","ALBERDI, JUAN BAUTISTA AV. 2968",AUTO
341,AVENIDA,DEL LIBERTADOR AV.,DEL LIBERTADOR AV. y ORTIZ DE OCAMPO,PEATON
342,CALLE,"CHAVEZ, JORGE","CHAVEZ, JORGE y PAZ, GRAL. AV.",AUTO
343,CALLE,"URQUIZA, GRAL.","URQUIZA, GRAL. y ESTADOS UNIDOS",AUTO
344,CALLE,PARAGUAY,PARAGUAY y SANCHEZ DE BUSTAMANTE,PEATON
345,GRAL PAZ,DE LOS CORRALES AV.,"DE LOS CORRALES AV. y PAZ, GRAL. AV.",PEATON
346,AVENIDA,CASTANARES AV.,CASTAÑARES AV. y RIVERA INDARTE AV.,PEATON
347,AVENIDA,LARRAZABAL,"LARRAZABAL y GARZON, EUGENIO, GRAL. AV.",MOTO
348,GRAL PAZ,"PAZ, GRAL. AV.","PAZ, GRAL. AV. y FERNANDEZ DE LA CRUZ, F., GRAL. AV.",MOTO
349,AVENIDA,"MOREAU DE JUSTO, ALICIA AV.","MOREAU DE JUSTO, ALICIA AV. y COCHABAMBA",PEATON
350,AVENIDA,ENTRE RIOS AV.,"ENTRE RIOS AV. y GARAY, JUAN DE AV.",MOTO
351,AVENIDA,DIRECTORIO AV.,DIRECTORIO AV. y GUARDIA NACIONAL,PEATON
352,AVENIDA,PAVON AV.,PAVON AV. y COLOMBRES,PEATON
353,AVENIDA,27 DE FEBRERO AV.,27 DE FEBRERO AV. y PERGAMINO,MOTO
354,AVENIDA,CORDOBA AV.,CORDOBA AV. y GASCON,MOTO
355,CALLE,15 DE NOVIEMBRE DE 1889,15 DE NOVIEMBRE DE 1889 1513,PEATON
356,CALLE,"SALGUERO, JERONIMO","SALGUERO, JERONIMO y BERUTI",MOTO
357,AVENIDA,LACARRA AV.,"LACARRA AV. y DELLEPIANE, LUIS, TTE. GRAL.",AUTO
358,AUTOPISTA,AUTOPISTA PRESIDENTE H?CTOR J. C?MPORA,"AUTOPISTA PRESIDENTE HÉCTOR J. CÁMPORA y ROCA, CNEL. AV.",PEATON
359,AVENIDA,VARELA AV.,"VARELA AV. y RABANAL, FRANCISCO, INTENDENTE AV.",AUTO
360,GRAL PAZ,"PAZ, GRAL. AV.","PAZ, GRAL. AV. y BERON DE ASTRADA",AUTO
361,AVENIDA,"RAWSON DE DELLEPIANE, ELVIRA AV.","RAWSON DE DELLEPIANE, ELVIRA AV. 150",MOTO
362,GRAL PAZ,"PAZ, GRAL. AV.","PAZ, GRAL. AV. y ZAPIOLA",AUTO
363,CALLE,FAMATINA,"FAMATINA y TABORDA, DIOGENES",MOTO
364,AVENIDA,CASTA?ARES AV.,"CASTAÑARES AV. y BONORINO, ESTEBAN, CNEL. AV.",PEATON
365,AUTOPISTA,AUTOPISTA 1 SUR PRESIDENTE ARTURO FRONDIZI,AUTOPISTA 1 SUR PRESIDENTE ARTURO FRONDIZI y SUAREZ AV.,MOTO
366,AVENIDA,NAZCA AV.,NAZCA AV. y RIVADAVIA AV.,PEATON
367,AVENIDA,"FIGUEROA ALCORTA, PRES. AV.","FIGUEROA ALCORTA, PRES. AV. y ECHEVERRIA",MOTO
368,AVENIDA,RIVADAVIA AV.,RIVADAVIA AV. y JUJUY AV.,PEATON
369,AVENIDA,DE LOS ITALIANOS AV.,"DE LOS ITALIANOS AV. y GUEMES, MACACHA",MOTO
370,AVENIDA,TUCUMAN,"TUCUMAN y ALEM, LEANDRO N. AV.",PEATON
371,AVENIDA,CORRIENTES AV.,"CORRIENTES AV. y GALLARDO, ANGEL AV.",PEATON
372,AUTOPISTA,AUTOPISTA PERITO MORENO,"AUTOPISTA PERITO MORENO & PERON, EVA  AV.",MOTO
373,CALLE,MU?ECAS,MUÑECAS y SERRANO,MOTO
374,CALLE,"ARTIGAS, JOSE GERVASIO, GRAL.","ARTIGAS, JOSE GERVASIO, GRAL. y TRES ARROYOS",MOTO
375,AVENIDA,SOLIS,SOLIS e INDEPENDENCIA AV.,MOTO
376,CALLE,"BOSCH, VENTURA","BOSCH, VENTURA y PAZ, GRAL. AV.",PEATON
377,GRAL PAZ,"PAZ, GRAL. AV.","PAZ, GRAL. AV. 14800",PEATON
378,AVENIDA,"PERON, EVA AV.","PERON, EVA AV. 5321",MOTO
379,AVENIDA,"PERON, JUAN DOMINGO, TTE. GENERAL","PERON, JUAN DOMINGO, TTE. GENERAL y PUEYRREDON AV.",PEATON
380,AVENIDA,"RABANAL, FRANCISCO, INTENDENTE AV.","RABANAL, FRANCISCO, INTENDENTE AV. y SAN PEDRITO",PEATON
381,AVENIDA,MONROE,MONROE y ALVAREZ THOMAS AV.,PEATON
382,AVENIDA,RIVADAVIA AV.,RIVADAVIA AV. y MANZONI,PEATON
383,AUTOPISTA,AUTOPISTA DELLEPIANE LUIS TTE. GRAL.,AUTOPISTA DELLEPIANE LUIS TTE. GRAL. y LARRAZABAL,AUTO
384,GRAL PAZ,"PAZ, GRAL. AV.","PAZ, GRAL. AV. y PERON, EVA AV.",AUTO
385,AUTOPISTA,AUTOPISTA PERITO MORENO,AUTOPISTA PERITO MORENO y RESERVISTAS ARGENTINOS,CARGAS
386,AVENIDA,SAENZ AV.,SAENZ AV. y VENTANA,PEATON
387,GRAL PAZ,"PAZ, GRAL. AV.","PAZ, GRAL. AV. y FALCON, RAMON L.,CNEL.",MOTO
388,GRAL PAZ,"PAZ, GRAL. AV.","PAZ, GRAL. AV. y DE LOS CONSTITUYENTES AV.",MOTO
389,GRAL PAZ,"PAZ, GRAL. AV.","PAZ, GRAL. AV. 11200",AUTO
390,AVENIDA,"NEWBERY, JORGE AV.","NEWBERY, JORGE AV. y GUEVARA",MOTO
391,AVENIDA,GAONA AV.,GAONA AV. y SEGUROLA AV.,MOTO
392,AVENIDA,"MADERO, EDUARDO AV.","MADERO, EDUARDO AV. 550",MOTO
393,AUTOPISTA,AUTOPISTA ARTURO ILLIA,"AUTOPISTA ARTURO ILLIA y CASTILLO, RAMON S., PRES. AV.",PEATON
394,AVENIDA,LA PLATA AV.,LA PLATA AV. y CASEROS AV.,PEATON
395,AVENIDA,BELGRANO AV.,BELGRANO AV. y PERU,PEATON
396,AVENIDA,RIVADAVIA AV.,RIVADAVIA AV. 7013,PEATON
397,CALLE,"ALSINA, ADOLFO","ALSINA, ADOLFO y SANTIAGO DEL ESTERO",MOTO
398,CALLE,BERMUDEZ,BERMUDEZ 1893,PASAJEROS
399,CALLE,SANTANDER,SANTANDER 1974,MOTO
400,CALLE,LANTERI JULIETA,LANTERI JULIETA 1400,AUTO
401,AVENIDA,MAZA,MAZA e INDEPENDENCIA AV.,PEATON
402,GRAL PAZ,"PAZ, GRAL. AV.","PAZ, GRAL. AV. 5172",CARGAS
403,AVENIDA,OLIVERA AV.,"OLIVERA AV. y ALBERDI, JUAN BAUTISTA AV.",MOTO
404,AVENIDA,"CASTILLO, RAMON S., PRES. AV.","CASTILLO, RAMON S., PRES. AV. y CALLE 12 (NO OFICIAL)",MOTO
405,AVENIDA,CASTA?ARES AV.,"CASTAÑARES AV. y MORENO, PERITO AV.",AUTO
406,AVENIDA,SAN MARTIN AV.,SAN MARTIN AV. y TERRADA,MOTO
407,AVENIDA,"PERON, EVA AV.","PERON, EVA AV. y MEDINA",AUTO
408,AVENIDA,"JUSTO, JUAN B. AV.","JUSTO, JUAN B. AV. y ALVAREZ JONTE AV.",MOTO
409,AVENIDA,"OBLIGADO RAFAEL, AV.COSTANERA","OBLIGADO RAFAEL, AV.COSTANERA 4650",PEATON
410,CALLE,"MITRE, BARTOLOME","MITRE, BARTOLOME y YATAY",MOTO
411,GRAL PAZ,"PAZ, GRAL. AV.","PAZ, GRAL. AV. 16080",MOTO
412,AVENIDA,CHACABUCO,CHACABUCO y SAN JUAN AV.,MOTO
413,AVENIDA,DEL LIBERTADOR AV.,DEL LIBERTADOR AV. 4100,PEATON
414,GRAL PAZ,"PAZ, GRAL. AV.","PAZ, GRAL. AV. y ALBERDI, JUAN BAUTISTA AV.",PEATON
415,AVENIDA,CASTA?ARES AV.,"CASTAÑARES AV. y GORDILLO, TIMOTEO",MOTO
416,CALLE,SALVIGNY,SALVIGNY y MOM,PEATON
417,CALLE,"LAMARCA, EMILIO","LAMARCA, EMILIO 5402",MOTO
418,AVENIDA,SAN MARTIN AV.,SAN MARTIN AV. 5638,AUTO
419,CALLE,"CARRILLO, RAMON, DR.","CARRILLO, RAMON, DR. y FINOCHIETTO ENRIQUE DR.",MOTO
420,CALLE,MEXICO,MEXICO y PICHINCHA,AUTO
421,AUTOPISTA,"CANTILO, INT.","CANTILO, INT. y UDAONDO, GUILLERMO AV.",PEATON
422,AVENIDA,DEL LIBERTADOR AV.,DEL LIBERTADOR AV. 6326,MOTO
423,AVENIDA,CHICLANA AV.,CHICLANA AV. 3444,MOTO
424,AVENIDA,BOYACA AV.,BOYACA AV. y YERBAL,MOTO
425,AVENIDA,ENTRE RIOS AV.,ENTRE RIOS AV. 1260,AUTO
426,GRAL PAZ,"PAZ, GRAL. AV.","PAZ, GRAL. AV. y JACQUES, AMADEO",AUTO
427,AVENIDA,ANTARTIDA ARGENTINA AV.,ANTARTIDA ARGENTINA AV. 1325,MOTO
428,CALLE,"MITRE, BARTOLOME","MITRE, BARTOLOME y SANCHEZ DE BUSTAMANTE",PEATON
429,AVENIDA,"FERNANDEZ DE LA CRUZ, F., GRAL. AV.","FERNANDEZ DE LA CRUZ, F., GRAL. AV. y PAZ, GRAL. AV.",PEATON
430,AVENIDA,SANTA FE AV.,SANTA FE AV. y AZCUENAGA,BICICLETA
431,AVENIDA,"JUSTO, JUAN B. AV.","JUSTO, JUAN B. AV. y OROÑO, NICASIO",PEATON
432,AVENIDA,"FERNANDEZ DE LA CRUZ, F., GRAL. AV.","FERNANDEZ DE LA CRUZ, F., GRAL. AV. y PAZ, GRAL. AV.",MOTO
433,CALLE,"ALVAREZ, DONATO, TTE. GRAL.","ALVAREZ, DONATO, TTE. GRAL. y YERBAL",MOTO
434,AVENIDA,CORDOBA AV.,"CORDOBA AV. y MADERO, EDUARDO AV.",BICICLETA
435,AVENIDA,CAMARONES,"CAMARONES y ALVAREZ, DONATO, TTE. GRAL. AV.",PEATON
436,AUTOPISTA,AUTOPISTA 25 DE MAYO,"AUTOPISTA 25 DE MAYO y HUERGO, ING. AV.",MOTO
437,AVENIDA,"MORENO, PERITO AV.","MORENO, PERITO AV. 3050",MOTO
438,CALLE,SUIPACHA,SUIPACHA 665,PEATON
439,CALLE,RIGLOS,RIGLOS y FORMOSA,MOTO
440,AVENIDA,LA RIOJA,LA RIOJA e INDEPENDENCIA AV.,MOTO
441,AVENIDA,"UDAONDO, GUILLERMO AV.","UDAONDO, GUILLERMO AV. y FIGUEROA ALCORTA, PRES. AV.",PEATON
442,AVENIDA,SAN PEDRITO AV.,SAN PEDRITO AV. y DIRECTORIO AV.,MOTO
443,CALLE,PUAN,PUAN y SANTANDER,MOTO
444,AVENIDA,"ALBERDI, JUAN BAUTISTA AV.","ALBERDI, JUAN BAUTISTA AV. y ANDALGALA",AUTO
445,CALLE,LIMA,LIMA y CONSTITUCION,PEATON
446,AVENIDA,BOEDO AV.,BOEDO AV. 650,PEATON
447,AVENIDA,DEL LIBERTADOR AV.,DEL LIBERTADOR AV. y REPUBLICA DE LA INDIA,MOTO
448,GRAL PAZ,"PAZ, GRAL. AV.","PAZ, GRAL. AV. y CABILDO AV.",MOTO
449,AVENIDA,CASEROS AV.,CASEROS AV. 1700,PEATON
450,AVENIDA,AVELLANEDA AV.,AVELLANEDA AV. 1548,MOTO
451,CALLE,CIUDAD DE LA PAZ,CIUDAD DE LA PAZ y MENDOZA,PEATON
452,AVENIDA,"SALGUERO, JERONIMO","SALGUERO, JERONIMO y HONDURAS AV.",MOTO
453,CALLE,"FILIBERTO, JUAN DE DIOS","FILIBERTO, JUAN DE DIOS y OLAVARRIA",MOTO
454,AVENIDA,ASTURIAS AV.,ASTURIAS AV. y CASTAÑARES AV.,AUTO
455,CALLE,GANDARA,GANDARA 2976,MOTO
456,AVENIDA,"GUEVARA, TRINIDAD","GUEVARA, TRINIDAD y MADERO, EDUARDO AV.",MOTO
457,AVENIDA,BOYACA AV.,BOYACA AV. 305,PEATON
458,CALLE,ARTILLEROS,ARTILLEROS y LA PAMPA,PEATON
459,AUTOPISTA,AUTOPISTA PERITO MORENO,AUTOPISTA PERITO MORENO e IRIGOYEN,MOTO
460,CALLE,15 DE NOVIEMBRE DE 1889,15 DE NOVIEMBRE DE 1889 y SANTIAGO DEL ESTERO,MOTO
461,AVENIDA,"ACOSTA, MARIANO AV.","ACOSTA, MARIANO AV. y FALCON, RAMON L.,CNEL.",PEATON
462,CALLE,11 DE SEPTIEMBRE DE 1888,11 DE SEPTIEMBRE DE 1888 y MENDOZA,PEATON
463,AVENIDA,"PINO, VIRREY DEL","PINO, VIRREY DEL y CAMPOS, LUIS M. AV.",PEATON
464,AVENIDA,FOREST AV.,FOREST AV. y MAURE,MOTO
465,AVENIDA,BOYACA AV.,BOYACA AV. y AVELLANEDA AV.,MOTO
466,CALLE,BARCO CENTENERA DEL,BARCO CENTENERA DEL y TILCARA,PEATON
467,AVENIDA,RIESTRA AV.,RIESTRA AV. y BOLIVAR (NO OFICIAL),PEATON
468,CALLE,"CASTRO, EMILIO","CASTRO, EMILIO 4706",MOTO
469,AVENIDA,27 DE FEBRERO AV.,27 DE FEBRERO AV. 5600,MOTO
470,AVENIDA,"GARAY, JUAN DE AV.","GARAY, JUAN DE AV. 2874",MOTO
471,AVENIDA,"SCALABRINI ORTIZ, RAUL AV.","SCALABRINI ORTIZ, RAUL AV. y GORRITI",MOTO
472,AVENIDA,PRIMERA JUNTA,PRIMERA JUNTA y OLIVERA AV.,PEATON
473,AVENIDA,"ALBERDI, JUAN BAUTISTA AV.","ALBERDI, JUAN BAUTISTA AV. y AZUL",AUTO
474,AVENIDA,ALVAREZ THOMAS AV.,ALVAREZ THOMAS AV. 1788,AUTO
475,AUTOPISTA,"LUGONES, LEOPOLDO AV.","LUGONES, LEOPOLDO AV. y PAZ, GRAL. AV.",MOTO
476,CALLE,SAN ANTONIO,SAN ANTONIO y LUJAN,MOTO
477,AVENIDA,"FIGUEROA ALCORTA, PRES. AV.","FIGUEROA ALCORTA, PRES. AV. y TAGLE",PEATON
478,AVENIDA,"EINSTEIN, ALBERTO","EINSTEIN, ALBERTO y ALCORTA, AMANCIO AV.",PEATON
479,CALLE,AGRELO,AGRELO y COLOMBRES,MOTO
480,GRAL PAZ,CABILDO AV.,"CABILDO AV. y PAZ, GRAL. AV.",PEATON
481,AVENIDA,ELCANO AV.,ELCANO AV. 4300,PEATON
482,AVENIDA,"RABANAL, FRANCISCO, INTENDENTE AV.","RABANAL, FRANCISCO, INTENDENTE AV. 2428",BICICLETA
483,CALLE,MONTE,MONTE y CORVALAN,AUTO
484,CALLE,TANDIL,TANDIL y LAFUENTE,BICICLETA
485,CALLE,CARDOSO,CARDOSO y BACACAY,BICICLETA
486,AVENIDA,CORRIENTES AV.,CORRIENTES AV. 6700,MOTO
487,AVENIDA,ALVAREZ THOMAS AV.,ALVAREZ THOMAS AV. y MENDOZA,MOTO
488,AVENIDA,"BROWN, ALTE. AV.","BROWN, ALTE. AV. y BLANES, JUAN MANUEL",PEATON
489,AVENIDA,"ALBERDI, JUAN BAUTISTA AV.","ALBERDI, JUAN BAUTISTA AV. 5455",PEATON
490,AVENIDA,"JUSTO, JUAN B. AV.","JUSTO, JUAN B. AV. y CAMARGO",PEATON
491,CALLE,"BRIN, MINISTRO","BRIN, MINISTRO y SUAREZ",PEATON
492,AVENIDA,NIZA,"NIZA y JUSTO, JUAN B. AV.",BICICLETA
493,CALLE,CAMARGO,CAMARGO y SERRANO,MOTO
494,AVENIDA,CASEROS AV.,CASEROS AV. y PIEDRAS,PEATON
495,AUTOPISTA,AUTOPISTA PERITO MORENO,AUTOPISTA PERITO MORENO KM. 5.6,MOTO
496,AVENIDA,GUZMAN,GUZMAN 365,PASAJEROS
497,AVENIDA,DE LOS CONSTITUYENTES AV.,DE LOS CONSTITUYENTES AV. 4300,MOTO
498,AVENIDA,"MORENO, PERITO AV.","MORENO, PERITO AV. y TILCARA AV.",MOTO
499,CALLE,IBARROLA,"IBARROLA y GORDILLO, TIMOTEO",MOTO
500,GRAL PAZ,"PAZ, GRAL. AV.","PAZ, GRAL. AV. y GRIVEO",MOTO
501,AVENIDA,RIVADAVIA AV.,RIVADAVIA AV. y PERGAMINO,MOTO
502,AVENIDA,SANTO TOME,SANTO TOME y SEGUROLA AV.,PEATON
503,CALLE,URIARTE,URIARTE y LOYOLA,PEATON
504,AVENIDA,SARAZA,SARAZA y VARELA AV.,MOTO
505,AVENIDA,RIVADAVIA AV.,RIVADAVIA AV. y COMBATE DE LOS POZOS,PEATON
506,AVENIDA,RODRIGUEZ PE?A,RODRIGUEZ PEÑA y RIVADAVIA AV.,PEATON
507,AVENIDA,24 DE NOVIEMBRE,24 DE NOVIEMBRE y SAN JUAN AV.,MOTO
508,AVENIDA,LAFUENTE AV.,LAFUENTE AV. 2250,MOTO
509,CALLE,CHILE,CHILE y LIMA,PEATON
510,AVENIDA,CORDOBA AV.,"CORDOBA AV. y JAURES, JEAN",MOTO
511,CALLE,"PERON, JUAN DOMINGO, TTE. GENERAL","PERON, JUAN DOMINGO, TTE. GENERAL y SALGUERO, JERONIMO",PEATON
512,AVENIDA,9 DE JULIO AV.,9 DE JULIO AV. y SAN JUAN AV.,MOTO
513,CALLE,COLOMBRES,COLOMBRES 466,MOTO
514,CALLE,MEXICO,MEXICO 2860,PEATON
515,AVENIDA,COMBATIENTES DE MALVINAS AV.,COMBATIENTES DE MALVINAS AV. y TRIUNVIRATO AV.,PEATON
516,CALLE,BERMUDEZ,BERMUDEZ y NOGOYA,MOTO
517,AVENIDA,BRASIL AV.,BRASIL AV. y PASEO COLON AV.,MOTO
518,AVENIDA,"ALEM, LEANDRO N. AV.","ALEM, LEANDRO N. AV. 770",PEATON
519,AVENIDA,BELGRANO AV.,BELGRANO AV. y RINCON,PEATON
520,AVENIDA,"UDAONDO, GUILLERMO AV.","UDAONDO, GUILLERMO AV. 901",MOTO
521,CALLE,CONSTITUCION,CONSTITUCION y CASTRO,PEATON
522,AVENIDA,PUEYRREDON AV.,"PUEYRREDON AV. y GOMEZ, VALENTIN",PEATON
523,CALLE,"BRAVO, MARIO","BRAVO, MARIO 1279",PEATON
524,AUTOPISTA,AUTOPISTA DELLEPIANE LUIS TTE. GRAL.,AUTOPISTA DELLEPIANE LUIS TTE. GRAL. y ESCALADA AV.,AUTO
525,AVENIDA,"ARAOZ DE LAMADRID, GREGORIO, GRAL.","ARAOZ DE LAMADRID, GREGORIO, GRAL. y BROWN, ALTE. AV.",AUTO
526,CALLE,MURGUIONDO,MURGUIONDO 1339,AUTO
527,AVENIDA,RIVADAVIA AV.,RIVADAVIA AV. 2551,PEATON
528,AUTOPISTA,"LUGONES, LEOPOLDO AV.","LUGONES, LEOPOLDO AV. KM 6,1",MOTO
529,AVENIDA,"DELLEPIANE, LUIS, TTE. GRAL.","DELLEPIANE, LUIS, TTE. GRAL. y MONTIEL",PEATON
530,AVENIDA,"SCALABRINI ORTIZ, RAUL AV.","SCALABRINI ORTIZ, RAUL AV. y WARNES AV.",PEATON
531,GRAL PAZ,"PAZ, GRAL. AV.","PAZ, GRAL. AV. y ROFFO, ANGEL H., DR.",PEATON
532,AVENIDA,SAN MARTIN AV.,SAN MARTIN AV. 1550,MOTO
533,AVENIDA,"GARZON, EUGENIO, GRAL. AV.","GARZON, EUGENIO, GRAL. AV. y LARRAYA",MOTO
534,AVENIDA,CORRIENTES AV.,CORRIENTES AV. y SERRANO,MOTO
535,GRAL PAZ,"PAZ, GRAL. AV.","PAZ, GRAL. AV. y DEL LIBERTADOR AV.",AUTO
536,CALLE,"MITRE, BARTOLOME","MITRE, BARTOLOME y ANCHORENA, TOMAS MANUEL DE, DR.",PEATON
537,AUTOPISTA,AUTOPISTA 25 DE MAYO,AUTOPISTA 25 DE MAYO y PUMACAHUA,MOTO
538,AVENIDA,"SCALABRINI ORTIZ, RAUL AV.","SCALABRINI ORTIZ, RAUL AV. y PARAGUAY",PEATON
539,AVENIDA,LAS HERAS GENERAL AV.,"LAS HERAS GENERAL AV. y DIAZ, CNEL. AV.",AUTO
540,CALLE,MURGUIONDO,MURGUIONDO,PEATON
541,AVENIDA,"CASTILLO, RAMON S., PRES. AV.","CASTILLO, RAMON S., PRES. AV. y CALLE 12 (NO OFICIAL)",AUTO
542,AVENIDA,CURAPALIGUE,"CURAPALIGUE y PERON, EVA AV.",MOTO
543,AVENIDA,"DIAZ, ANA","DIAZ, ANA y SOLDADO DE LA FRONTERA AV.",PEATON
544,AVENIDA,"ALEM, LEANDRO N. AV.","ALEM, LEANDRO N. AV. y PARAGUAY",PEATON
545,AVENIDA,LA PLATA AV.,LA PLATA AV. e INDEPENDENCIA AV.,AUTO
546,AVENIDA,NAZCA AV.,"NAZCA AV. y CARRANZA, ADOLFO P.",MOTO
547,AUTOPISTA,AUTOPISTA PRESIDENTE HECTOR J. CAMPORA,AUTOPISTA PRESIDENTE HÉCTOR J. CÁMPORA y LACARRA AV.,PEATON
548,AVENIDA,DORREGO AV.,DORREGO AV. 614,MOTO
549,AVENIDA,DEL LIBERTADOR AV.,"DEL LIBERTADOR AV. y RAMOS MEJIA, JOSE MARIA, DR. AV.",PEATON
550,AVENIDA,AVELLANEDA AV.,AVELLANEDA AV. y MERCEDES,MOTO
551,AVENIDA,TUCUMAN,TUCUMAN y PUEYRREDON AV.,BICICLETA
552,AVENIDA,"ALCORTA, AMANCIO AV.","ALCORTA, AMANCIO AV. y EINSTEIN, ALBERTO",AUTO
553,CALLE,INCLAN,INCLAN y ALBERTI,BICICLETA
554,AVENIDA,OLAZABAL AV.,OLAZABAL AV. 5437,PEATON
555,AVENIDA,NAZCA AV.,"NAZCA AV. y VIALE, LUIS",PEATON
556,CALLE,BRASIL,BRASIL 1100,PEATON
557,AVENIDA,HOMERO,"HOMERO y PERON, EVA AV.",PEATON
558,AUTOPISTA,"CANTILO, INT.","CANTILO, INT. y UDAONDO, GUILLERMO AV.",MOTO
559,CALLE,MORENO,MORENO 1845,BICICLETA
560,CALLE,NUEVA YORK,NUEVA YORK y ALTA GRACIA,PEATON_MOTO
561,GRAL PAZ,"PAZ, GRAL. AV.","PAZ, GRAL. AV. y GOYENECHE, ROBERTO PARQUE AV.",MOTO
562,AUTOPISTA,AUTOPISTA PERITO MORENO,AUTOPISTA PERITO MORENO (ALTURA ESTACION DE TREN VILLA LURO),MOTO
563,AVENIDA,SAENZ AV.,SAENZ AV. y BEAZLEY,PEATON
564,AVENIDA,DEL LIBERTADOR AV.,DEL LIBERTADOR AV. y AUSTRIA,MOTO
565,AVENIDA,INDEPENDENCIA AV.,"INDEPENDENCIA AV. y SAENZ PEÑA, LUIS, PRES.",MOTO
566,AVENIDA,CALLAO AV.,"CALLAO AV. y LAS HERAS, GENERAL",PEATON
567,AVENIDA,SAN PEDRITO AV.,SAN PEDRITO AV. y DIRECTORIO AV.,PEATON
568,AVENIDA,JUJUY AV.,"JUJUY AV. y CALVO, CARLOS",BICICLETA
569,AVENIDA,BOGOTA,BOGOTA y NAZCA AV.,AUTO
570,AVENIDA,CORRIENTES AV.,CORRIENTES AV. y 9 DE JULIO AV.,PEATON
571,AVENIDA,ALVAREZ JONTE AV.,ALVAREZ JONTE AV. y CHIVILCOY,AUTO
572,AVENIDA,SAN MARTIN AV.,SAN MARTIN AV. y PUNTA ARENAS,MOTO
573,CALLE,BARCO CENTENERA DEL,BARCO CENTENERA DEL 1118,BICICLETA
574,AUTOPISTA,AUTOPISTA 1 SUR PRESIDENTE ARTURO FRONDIZI,AU FRONDIZI KM. 3,MOTO
575,AVENIDA,"CASTRO, EMILIO AV.","CASTRO, EMILIO AV. y MURGUIONDO",MOTO
576,AUTOPISTA,AUTOPISTA 25 DE MAYO,AUTOPISTA 25 DE MAYO KM. 3.7,MOTO
577,AVENIDA,CASEROS AV.,CASEROS AV. y GUARANI,PEATON
578,AVENIDA,"PERON, EVA AV.","PERON, EVA AV. 3800",PEATON
579,AUTOPISTA,AUTOPISTA ARTURO ILLIA,AUTOPISTA ARTURO ILLIA y SARMIENTO AV.,MOTO
580,AVENIDA,DE LOS CONSTITUYENTES AV.,DE LOS CONSTITUYENTES AV. y GIRIBONE,MOTO
581,AVENIDA,SAENZ AV.,"SAENZ AV. y RABANAL, FRANCISCO, INTENDENTE AV.",PEATON
582,AVENIDA,PAYSANDU,PAYSANDU y GAONA AV.,MOTO
583,AVENIDA,SANTA FE AV.,SANTA FE AV. 1675,PEATON
584,AUTOPISTA,"DELLEPIANE, LUIS, TTE. GRAL.","DELLEPIANE, LUIS, TTE. GRAL. y GUAMINI",PEATON
585,AVENIDA,"FALCON, RAMON L.,CNEL.","FALCON, RAMON L.,CNEL. y OLIVERA AV.",MOTO
586,AVENIDA,SAN MARTIN AV.,SAN MARTIN AV. y NOGOYA,PEATON
587,AVENIDA,SAN MARTIN AV.,SAN MARTIN AV. y TINOGASTA,MOTO
588,AVENIDA,"FERNANDEZ DE LA CRUZ, F., GRAL. AV.","FERNANDEZ DE LA CRUZ, F., GRAL. AV. y DE LA TORRE, LISANDRO",AUTO
589,AVENIDA,SALTA,SALTA y CASEROS AV.,MOTO
590,CALLE,"JAURES, JEAN","JAURES, JEAN y PERON, JUAN DOMINGO, TTE. GENERAL",PEATON
591,AVENIDA,TRIUNVIRATO AV.,"TRIUNVIRATO AV. y LARRALDE, CRISOLOGO AV.",MOTO
592,CALLE,POTOSI,POTOSI y GASCON,PEATON
593,CALLE,"YRIGOYEN, HIPOLITO","YRIGOYEN, HIPOLITO y 24 DE NOVIEMBRE",MOTO
594,AVENIDA,DEL LIBERTADOR AV.,DEL LIBERTADOR AV. y ROOSEVELT FRANKLIN D.,PASAJEROS
595,AUTOPISTA,AUTOPISTA BUENOS AIRES - LA PLATA,"AU BUENOS AIRES LA PLATA  KM 4,5",MOTO
596,AVENIDA,"PERON, EVA AV.","PERON, EVA AV. y PIEDRA BUENA AV.",BICICLETA
597,GRAL PAZ,"PAZ, GRAL. AV.","PAZ, GRAL. AV. y AUTOPISTA DELLEPIANE LUIS TTE. GRAL.",MOTO
598,AUTOPISTA,AUTOPISTA 1 SUR PRESIDENTE ARTURO FRONDIZI,"AUTOPISTA 1 SUR PRESIDENTE ARTURO FRONDIZI y QUINQUELA MARTIN, BENITO",MOTO
599,AVENIDA,COREA AV.,"COREA AV. y TORRES Y TENORIO, PRES.",PEATON
600,AVENIDA,"FALCON, RAMON L.,CNEL.","FALCON, RAMON L.,CNEL. y SAN PEDRITO AV.",AUTO
601,CALLE,FINOCHIETTO ENRIQUE DR.,FINOCHIETTO ENRIQUE DR. 1623,PEATON
602,AVENIDA,9 DE JULIO AV.,9 DE JULIO AV. e INDEPENDENCIA AV.,PEATON
603,AUTOPISTA,"CANTILO, INT.","CANTILO, INT. y GUIRALDES, INT.",PEATON
604,AUTOPISTA,AUTOPISTA 25 DE MAYO,AUTOPISTA 25 DE MAYO y BOEDO AV.,AUTO
605,AVENIDA,"ALCORTA, AMANCIO AV.","ALCORTA, AMANCIO AV. y ZAVALETA",MOTO
606,AVENIDA,"JANER, ANA MARIA","JANER, ANA MARIA y LAFUENTE AV.",MOTO
607,AVENIDA,MONROE,"MONROE y BALBIN, RICARDO, DR. AV.",PEATON
608,AVENIDA,"JUSTO, JUAN B. AV.","JUSTO, JUAN B. AV. y SANTA FE AV.",MOTO
609,AVENIDA,OLIDEN,"OLIDEN y ALBERDI, JUAN BAUTISTA AV.",BICICLETA
610,AVENIDA,DEL LIBERTADOR AV.,DEL LIBERTADOR AV. y CASARES AV.,PEATON
611,AVENIDA,RIVADAVIA AV.,RIVADAVIA AV. 10900,PEATON
612,AVENIDA,"ALBERDI, JUAN BAUTISTA AV.","ALBERDI, JUAN BAUTISTA AV. y PILAR",PEATON
613,AVENIDA,"PERON, EVA AV.","PERON, EVA AV. y ACOSTA, MARIANO",MOTO
614,AVENIDA,ELCANO AV.,ELCANO AV. y GUZMAN AV.,AUTO
615,AVENIDA,"VEDIA, AGUSTIN DE","VEDIA, AGUSTIN DE y RABANAL, FRANCISCO, INTENDENTE AV.",MOTO
616,AVENIDA,CAPDEVILA,CAPDEVILA y CONGRESO AV.,BICICLETA
617,AVENIDA,"FERNANDEZ DE LA CRUZ, F., GRAL. AV.","FERNANDEZ DE LA CRUZ, F., GRAL. AV. 4000",AUTO
618,AVENIDA,DEL LIBERTADOR AV.,DEL LIBERTADOR AV. 5958,MOTO
619,AVENIDA,27 DE FEBRERO AV.,27 DE FEBRERO AV. y EREZCANO AV.,PEATON
620,GRAL PAZ,"PAZ, GRAL. AV.","PAZ, GRAL. AV. 14723",MOTO
621,AVENIDA,CORRIENTES AV.,CORRIENTES AV. 5783,PEATON
622,CALLE,TABARE,TABARE y EREZCANO,MOTO
623,AVENIDA,CORRIENTES AV.,CORRIENTES AV. y PUEYRREDON AV.,MOTO
624,AVENIDA,CORRALES,"CORRALES y MORENO, PERITO AV.",BICICLETA
625,AUTOPISTA,AUTOPISTA ARTURO ILLIA,AUTOPISTA  ARTURO ILLIA (CABINA DE PEAJE),AUTO
626,GRAL PAZ,"PAZ, GRAL. AV.","PAZ, GRAL. AV. y VEDIA",PEATON
627,AVENIDA,"GARAY, JUAN DE AV.","GARAY, JUAN DE AV. 2269",AUTO
628,AVENIDA,"MORENO, PERITO AV.","MORENO, PERITO AV. y ALCORTA, AMANCIO AV.",PEATON
629,AVENIDA,LA PLATA AV.,LA PLATA AV. 2723,AUTO
630,AVENIDA,"ALBERDI, JUAN BAUTISTA AV.","ALBERDI, JUAN BAUTISTA AV. 2906",AUTO
631,GRAL PAZ,"PAZ, GRAL. AV.","PAZ, GRAL. AV. y TONELERO",PEATON
632,AVENIDA,SAN JUAN AV.,SAN JUAN AV. y LA PLATA AV.,PEATON
633,AVENIDA,LOPE DE VEGA AV.,"LOPE DE VEGA AV. y PAZ, GRAL. AV.",PEATON
634,AVENIDA,"BEIRO, FRANCISCO AV.","BEIRO, FRANCISCO AV. 5071",MOTO
635,AVENIDA,SANTA FE AV.,SANTA FE AV. 3428,PEATON
636,AVENIDA,"CHILAVERT, MARTINIANO, CORONEL","CHILAVERT, MARTINIANO, CORONEL y VARELA AV.",MOTO
637,CALLE,SAN LUIS,SAN LUIS 2730,PEATON
638,AVENIDA,CALLAO AV.,CALLAO AV. y PARAGUAY,PEATON
639,AVENIDA,DEL LIBERTADOR AV.,"DEL LIBERTADOR AV. y AGOTE, LUIS DR.",BICICLETA
640,CALLE,SALTA,SALTA y BRASIL,PEATON
641,AVENIDA,"MORENO, PERITO AV.","MORENO, PERITO AV. 2152",MOTO
642,AVENIDA,DIRECTORIO AV.,DIRECTORIO AV. 1169,MOTO
643,AVENIDA,INDEPENDENCIA AV.,INDEPENDENCIA AV. y LA PLATA AV.,MOTO
644,CALLE,TUCUMAN,TUCUMAN 3112,PEATON
645,AVENIDA,ARENALES,ARENALES y 9 DE JULIO AV.,MOTO
646,AUTOPISTA,AUTOPISTA 1 SUR PRESIDENTE ARTURO FRONDIZI,AUTOPISTA 1 SUR PRESIDENTE ARTURO FRONDIZI y BRANDSEN,MOTO
647,AUTOPISTA,AUTOPISTA 25 DE MAYO,AUTOPISTA 25 DE MAYO y PASCO,MOTO
648,AVENIDA,CABILDO AV.,CABILDO AV. y OLAZABAL,MOTO
649,AVENIDA,TAPALQUE,TAPALQUE y BRUIX AV.,AUTO
650,GRAL PAZ,"PAZ, GRAL. AV.","PAZ, GRAL. AV. y EZEIZA",MOTO
651,AVENIDA,RIVADAVIA AV.,RIVADAVIA AV. y PUAN,PEATON
652,CALLE,ESMERALDA,ESMERALDA 1359,PEATON
653,CALLE,MONROE,MONROE y 3 DE FEBRERO,MOTO
654,AVENIDA,GAONA AV.,GAONA AV. 3655,MOTO
655,AVENIDA,9 DE JULIO AV.,9 DE JULIO AV. y LAVALLE,PEATON
656,CALLE,BAIGORRIA,"BAIGORRIA y HUGO, VICTOR",MOTO
657,AVENIDA,RIVADAVIA AV.,RIVADAVIA AV. y PUEYRREDON AV.,PEATON
658,AVENIDA,RIESTRA AV.,RIESTRA AV. y MOM,MOTO
659,AUTOPISTA,"DELLEPIANE, LUIS, TTE. GRAL.","DELLEPIANE, LUIS, TTE. GRAL. y LACARRA AV.",MOTO
660,AVENIDA,GAONA AV.,GAONA AV. y TERRADA,MOTO
661,AVENIDA,"PERON, EVA AV.","PERON, EVA AV. 4071",AUTO
662,CALLE,PADRE CARLOS MUJICA,PADRE CARLOS MUGICA 709,BICICLETA
