UbicacionID,LUGAR_DEL_HECHO,TIPO_DE_CALLE,CALLE,DIRECCION_NORMALIZADA,COMUNA,POS_X,POS_Y
1,AV PIEDRA BUENA Y AV FERNANDEZ DE LA CRUZ,AVENIDA,PIEDRA BUENA AV.,"PIEDRA BUENA AV. y FERNANDEZ DE LA CRUZ, F., GRAL. AV.",8,-58.47533969,-34.68757022
2,AV GRAL PAZ  Y AV DE LOS CORRALES,GRAL PAZ,"PAZ, GRAL. AV.","PAZ, GRAL. AV. y DE LOS CORRALES AV.",9,-58.50877521,-34.66977709
3,AV ENTRE RIOS 2034,AVENIDA,ENTRE RIOS AV.,ENTRE RIOS AV. 2034,1,-58.39040293,-34.63189362
4,AV LARRAZABAL Y GRAL VILLEGAS CONRADO,AVENIDA,LARRAZABAL AV.,"LARRAZABAL AV. y VILLEGAS, CONRADO, GRAL.",8,-58.46503904,-34.68092974
5,AV SAN JUAN Y PRESIDENTE LUIS SAENZ PEÑA ,AVENIDA,SAN JUAN AV.,"SAN JUAN AV. y SAENZ PEÑA, LUIS, PRES.",1,-58.38718297,-34.6224663
6,AV 27 DE FEBRERO Y AV ESCALADA,AVENIDA,27 DE FEBRERO AV.,27 DE FEBRERO AV. y ESCALADA AV.,8,-58.44451316,-34.68475866
7,NOGOYA Y JOAQUIN V. GONZALES,CALLE,NOGOYA,"NOGOYA y GONZALEZ, JOAQUIN V.",11,-58.50095869,-34.6082544
8,AV GENERAL PAZ Y AV DE LOS CORRALES,GRAL PAZ,"PAZ, GRAL. AV.","PAZ, GRAL. AV. y DE LOS CORRALES AV.",9,-58.50877521,-34.66977709
9,AV BELGRANO Y BERNARDO DE IRIGOYEN,AVENIDA,BELGRANO AV.,"BELGRANO AV. e IRIGOYEN, BERNARDO DE",1,-58.38048577,-34.61303893
10,AV ENTRE RIOS 1366,AVENIDA,ENTRE RIOS AV.,ENTRE RIOS AV. 1366,1,-58.39114932,-34.62477387
11,AV SCALABRINI ORTIZ Y VERA,AVENIDA,"SCALABRINI ORTIZ, RAUL AV.","SCALABRINI ORTIZ, RAUL AV. y VERA",15,-58.4376002,-34.59912758
12,AV REGIMIENTO DE PATRICIOS Y QUINQUELA MARTIN BENITO,AVENIDA,REGIMIENTO DE PATRICIOS AV.,"REGIMIENTO DE PATRICIOS AV. y QUINQUELA MARTIN, BENITO",4,-58.36882665,-34.64291993
13,MARIANO ACOSTA Y ANA MARIA JANER,AVENIDA,"ACOSTA, MARIANO","ACOSTA, MARIANO y JANER, ANA MARIA",8,-58.44989671,-34.65970435
14,LISANDRO DE LA TORRE Y SEVERO GARCIA GRANDE DE ZEQUEIRA ,CALLE,"DE LA TORRE, LISANDRO","DE LA TORRE, LISANDRO y GARCIA GRANDE DE ZEQUEIRA, SEVERO",9,-58.50990884,-34.65468721
15,SUIPACHA 156,CALLE,SUIPACHA,SUIPACHA 156,1,-58.37952223,-34.60653282
16,AV DIRECTORIO Y CURAPALIGUE,AVENIDA,DIRECTORIO AV.,DIRECTORIO AV. y CURAPALIGUE,7,-58.45157703,-34.63063795
17,AV 9 DE JULIO Y ADOLFO ALSINA,AVENIDA,9 DE JULIO AV.,"9 DE JULIO AV. y ALSINA, ADOLFO",1,-58.38144696,-34.61079875
18,AV GRAL PAZ Y AV 27 DE FEBRERO,GRAL PAZ,"PAZ, GRAL. AV.","PAZ, GRAL. AV. y 27 DE FEBRERO AV.",8,-58.46244952,-34.70524971
19,HOLMBERG Y VEDIA,CALLE,HOLMBERG,HOLMBERG y VEDIA,12,-58.49216191,-34.54738649
20,CURAPALIGUE Y AVELINO DIAZ,AVENIDA,CURAPALIGUE AV.,"CURAPALIGUE AV. y DIAZ, AVELINO",7,-58.44497874,-34.63852623
21,VIAMONTE Y AV 9 DE JULIO,AVENIDA,VIAMONTE,VIAMONTE y 9 DE JULIO AV.,1,-58.38199706,-34.60028648
22,AV CABILDO Y DEHEZA,AVENIDA,CABILDO AV.,CABILDO AV. y DEHEZA,12,-58.47378664,-34.54153077
23,AV GRAL PAZ Y AV CNEL ROCA,GRAL PAZ,"PAZ, GRAL. AV.","PAZ, GRAL. AV. y ROCA, CNEL. AV.",8,-58.47064556,-34.69843756
24,AV AMANCIO ALCORTA Y BONAVENA,AVENIDA,"ALCORTA, AMANCIO AV.","ALCORTA, AMANCIO AV. y BONAVENA, OSCAR NATALIO",4,-58.40623949,-34.65076549
25,AV CORRIENTES Y AV CALLAO,AVENIDA,CORRIENTES AV.,CORRIENTES AV. y CALLAO AV.,3,-58.39228965,-34.60443527
26,HERRERA Y ARISTOBULO DEL VALLE,CALLE,HERRERA,"HERRERA y VALLE, ARISTOBULO DEL",4,-58.37813396,-34.63668504
27,AV. EVA PERON Y QUIRNO,AVENIDA,LAFUENTE AV.,LAFUENTE AV. y QUIRNO,7,-58.46275892,-34.64358293
28,AV GRAL PAZ COLECTORA Y ZUVIRIA,GRAL PAZ,"PAZ, GRAL. AV.","PAZ, GRAL. AV. y ZUVIRIA",8,-58.49683458,-34.67892743
29,BARTOLOME MITRE Y AV PUEYRREDON,AVENIDA,"MITRE, BARTOLOME","MITRE, BARTOLOME y PUEYRREDON AV.",3,-58.40603217,-34.6088396
30,AV DIRECTORIO Y RIVERA INDARTE,AVENIDA,DIRECTORIO AV.,DIRECTORIO AV. y RIVERA INDARTE AV.,7,-58.4607655,-34.63350444
31,DELLEPIANE LUIS TTE GRAL COLECTORA Y MURGUIONDO,AVENIDA,"DELLEPIANE, LUIS, TTE. GRAL.","DELLEPIANE, LUIS, TTE. GRAL. y MURGUIONDO",8,-58.47832463,-34.67494416
32,AV JOSE MARIA MORENO Y BALBASTRO,AVENIDA,"MORENO, JOSE MARIA AV.","MORENO, JOSE MARIA AV. y BALBASTRO",7,-58.43213235,-34.63693953
33,AV GRAL PAZ Y AV DEL LIBERTADOR,GRAL PAZ,"PAZ, GRAL. AV.","PAZ, GRAL. AV. y DEL LIBERTADOR AV.",13,-58.46743471,-34.53476874
34,LIMA 1483,CALLE,LIMA,LIMA 1483,1,-58.38247061,-34.62571878
35,AV. CORRIENTES Y AV. DORREGO,AVENIDA,CORRIENTES AV.,CORRIENTES AV. y DORREGO AV.,15,-58.44759966,-34.5917024
36,"AUTOPISTA 1 SUR PRESIDENTE ARTURO FRONDIZI KM. 0,700",AUTOPISTA,AUTOPISTA 1 SUR PRESIDENTE ARTURO FRONDIZI,AUTOPISTA 1 SUR PRESIDENTE ARTURO FRONDIZI,4,-58.37714648,-34.63657525
37,TIMOTEO GORDILLO Y AV FERNANDEZ DE LA CRUZ,AVENIDA,"GORDILLO, TIMOTEO","GORDILLO, TIMOTEO y FERNANDEZ DE LA CRUZ, F., GRAL. AV.",8,-58.47305463,-34.68550712
38,AUTOPISTA LUGONES PK 10000,AUTOPISTA,"LUGONES, LEOPOLDO AV.",AUTOPISTA LUGONES PK 10000,13,,
39,AV TRIUNVIRATO Y AV OLAZABAL,AVENIDA,TRIUNVIRATO AV.,TRIUNVIRATO AV. y OLAZABAL AV.,12,-58.4842918,-34.57558053
40,AU LUIS DELLEPIANE Y AV GRAL PAZ,AUTOPISTA,AUTOPISTA DELLEPIANE LUIS TTE. GRAL.,"AUTOPISTA DELLEPIANE LUIS TTE. GRAL. y PAZ, GRAL. AV.",8,-58.48695354,-34.68795245
41,RAMON CASTILLA Y AV FIGUEROA ALCORTA,AVENIDA,"CASTILLA, RAMON, MARISCAL","CASTILLA, RAMON, MARISCAL y FIGUEROA ALCORTA, PRES. AV.",14,-58.40021959,-34.57964781
42,AV LUIS MARIA CAMPOS 30,AVENIDA,"CAMPOS, LUIS M. AV.","CAMPOS, LUIS M. AV. 30",14,-58.42957885,-34.57660058
43,LIMA 1471,CALLE,LIMA,LIMA 1471,1,-58.38247542,-34.62556293
44,PASAJE CIUDADELA Y LIMA OESTE,CALLE,CIUDADELA,CIUDADELA y LIMA,1,-58.38222219,-34.62728101
45,AV JUAN B JUSTO Y AV CARRASCO,AVENIDA,"JUSTO, JUAN B. AV.","JUSTO, JUAN B. AV. y CARRASCO AV.",10,-58.49485242,-34.62953445
46,AV GAONA Y ESPINOSA,AVENIDA,GAONA AV.,GAONA AV. y ESPINOSA,6,-58.45227946,-34.61068024
47,AV LISANDRO DE LA TORRE Y SARAZA,AVENIDA,"DE LA TORRE, LISANDRO","DE LA TORRE, LISANDRO y SARAZA",8,-58.48455411,-34.6751276
48,AV FIGUEROA ALCORTA Y AV PUEYRREDON,AVENIDA,"FIGUEROA ALCORTA, PRES. AV.","FIGUEROA ALCORTA, PRES. AV. y PUEYRREDON AV.",2,-58.39056593,-34.58418569
49,AV ENTRE RIOS Y PASAJE FILIBERTO,AVENIDA,ENTRE RIOS AV.,ENTRE RIOS AV. y FILIBERTO,3,-58.39118948,-34.62704273
50,MAGARIÑOS CERVANTES 3900,CALLE,"MAGARI?OS CERVANTES, A.","MAGARIÑOS CERVANTES, A. 3900",10,-58.49021952,-34.62025108
51,AV GRAL PAZ Y RODOLFO SCAPINO,GRAL PAZ,"PAZ, GRAL. AV.","PAZ, GRAL. AV. y SCAPINO, RODOLFO",8,-58.49896559,-34.67732118
52,AUTOPISTA DELLEPIANE LUIS TTE GRAL Y MIRALLA,AUTOPISTA,AUTOPISTA DELLEPIANE LUIS TTE. GRAL.,AUTOPISTA DELLEPIANE LUIS TTE. GRAL. y MIRALLA,8,-58.47461076,-34.66874679
53,AV SAN MARTIN Y CAMARONES,AVENIDA,SAN MARTIN AV.,SAN MARTIN AV. y CAMARONES,15,-58.46210891,-34.60356211
54,TTEG JUAN D PERON Y AVDA LEANDRO N ALEM,AVENIDA,"PERON, JUAN DOMINGO, TTE. GENERAL","PERON, JUAN DOMINGO, TTE. GENERAL y ALEM, LEANDRO N. AV.",1,-58.3702777,-34.60536123
55,AV BELGRANO Y AV JUJUY,AVENIDA,BELGRANO AV.,BELGRANO AV. y JUJUY AV.,3,-58.40491455,-34.6146383
56,AV DEL LIBERTADOR Y AV GUILLERMO UDAONDO,AVENIDA,DEL LIBERTADOR AV.,"DEL LIBERTADOR AV. y UDAONDO, GUILLERMO AV.",13,-58.45504154,-34.54864492
57,AV GRAL PAZ Y AV RIVADAVIA,GRAL PAZ,"PAZ, GRAL. AV.","PAZ, GRAL. AV. y RIVADAVIA AV.",9,-58.52927982,-34.63931752
58,AV CRISOLOGO LARRALDE Y MACHAIN,AVENIDA,"LARRALDE, CRISOLOGO AV.","LARRALDE, CRISOLOGO AV. y MACHAIN",12,-58.4872106,-34.55904606
59,AV LA PLATA 2384,AVENIDA,LA PLATA AV.,LA PLATA AV. 2384,4,-58.42273092,-34.64228803
60,AV JUAN B ALBERDI Y PUAN,AVENIDA,"ALBERDI, JUAN BAUTISTA AV.","ALBERDI, JUAN BAUTISTA AV. y PUAN",6,-58.44788671,-34.62539009
61,CARLOS PELLEGRINI Y TUCUMAN,CALLE,"PELLEGRINI, CARLOS","PELLEGRINI, CARLOS y TUCUMAN",1,-58.38110563,-34.60135531
62,AVDA ITE FRANCISCO RABANAL & AVDA EREZCANO,AVENIDA,"RABANAL, FRANCISCO, INTENDENTE AV.","RABANAL, FRANCISCO, INTENDENTE AV. y EREZCANO",4,-58.42378834,-34.657341
63,AV OLIVERA Y RAMON FALCON,AVENIDA,OLIVERA AV.,"OLIVERA AV. y FALCON, RAMON L.,CNEL.",10,-58.48727942,-34.63652467
64,AUTOPISTA 1 SUR PTE ARTURO FRONDIZI Y AV CASEROS,AUTOPISTA,AUTOPISTA 1 SUR PRESIDENTE ARTURO FRONDIZI,AUTOPISTA 1 SUR PRESIDENTE ARTURO FRONDIZI y CASEROS AV.,1,-58.37864583,-34.62907067
65,CERETTI Y NUÑEZ,CALLE,CERETTI,CERETTI y NUÑEZ,12,-58.5015175,-34.56767549
66,AV LUGONES Y LA PAMPA,AUTOPISTA,"LUGONES, LEOPOLDO AV.","LUGONES, LEOPOLDO AV. y LA PAMPA",13,-58.43233425,-34.55185825
67,JERONIMO SALGUERO Y AV RIVADAVIA,AVENIDA,"SALGUERO, JERONIMO","SALGUERO, JERONIMO y RIVADAVIA AV.",5,-58.41971993,-34.6111224
68,AV GRAL PAZ Y AV LIBERTADOR ,GRAL PAZ,"PAZ, GRAL. AV.","PAZ, GRAL. AV. y DEL LIBERTADOR AV.",13,-58.46743471,-34.53476874
69,AV JUAN B ALBERDI Y EMILIO MITRE,AVENIDA,"ALBERDI, JUAN BAUTISTA AV.","ALBERDI, JUAN BAUTISTA AV. y MITRE, EMILIO",6,-58.44362126,-34.62301748
70,MERCEDES Y AV GRAL MOSCONI,AVENIDA,MERCEDES,MERCEDES y MOSCONI GENERAL AV.,11,-58.51713095,-34.59546519
71,"AUTOPISTA DELLEPIANE LUIS TTE. GRAL. KM. 2,3",AUTOPISTA,AUTOPISTA DELLEPIANE LUIS TTE. GRAL.,AUTOPISTA DELLEPIANE LUIS TTE. GRAL.,8,-58.47433193,-34.6668495
72,SOLIS Y MEXICO,CALLE,SOLIS,SOLIS y MEXICO,1,-58.39038605,-34.6156281
73,AV SAN JUAN Y ALBERTI,AVENIDA,SAN JUAN AV.,SAN JUAN AV. y ALBERTI,3,-58.40042405,-34.62356174
74,AV GRAL MOSCONI Y AV GRAL PAZ,GRAL PAZ,MOSCONI GENERAL AV.,"MOSCONI GENERAL AV. y PAZ, GRAL. AV.",11,-58.52340614,-34.59798754
75,AV GRAL PAZ  Y DONADO,GRAL PAZ,"PAZ, GRAL. AV.","PAZ, GRAL. AV. y DONADO",12,-58.49491054,-34.54795581
76,AV GRAL PAZ Y JORGE CHAVEZ,GRAL PAZ,"PAZ, GRAL. AV.","PAZ, GRAL. AV. y CHAVEZ, JORGE",9,-58.52932872,-34.65014993
77,AV EVA PERON Y JOSE LEON SUAREZ,AVENIDA,"PERON, EVA AV.","PERON, EVA AV. y SUAREZ, JOSE LEON",9,-58.50011639,-34.67316502
78,ZINNY Y AV SANTIAGO DE COMPOSTELA,AVENIDA,ZINNY,ZINNY y SANTIAGO DE COMPOSTELA AV.,9,-58.46635001,-34.65624369
79,AV FEDERICO LACROZE Y FRAGA,AVENIDA,"LACROZE, FEDERICO AV.","LACROZE, FEDERICO AV. y FRAGA",15,-58.45343236,-34.58435809
80,CARLOS PELLEGRINI Y AV DEL LIBERTADOR,AVENIDA,"PELLEGRINI, CARLOS","PELLEGRINI, CARLOS y DEL LIBERTADOR AV.",1,-58.38090932,-34.58927731
81,AUTOPISTA 9 DE JULIO SUR ALT AV MENDOZA,AUTOPISTA,AUTOPISTA 1 SUR PRESIDENTE ARTURO FRONDIZI,AUTOPISTA 1 SUR PRESIDENTE ARTURO FRONDIZI y DON PEDRO DE MENDOZA AV.,4,-58.37157668,-34.65429986
82,AUTOPISTA PERITO MORENO Y BARRAGAN,AUTOPISTA,AUTOPISTA PERITO MORENO,AUTOPISTA PERITO MORENO y BARRAGAN,9,-58.52280139,-34.63659934
83,AV ALBERDI Y CARHUE,AVENIDA,"ALBERDI, JUAN BAUTISTA AV.","ALBERDI, JUAN BAUTISTA AV. y CARHUE",9,-58.51232237,-34.6590353
84,AUTOPISTA LEOPOLDO LUGONES Y LA PAMPA,AUTOPISTA,LUGONES,LUGONES y LA PAMPA,15,-58.47461905,-34.57663634
85,AUTOPISTA 25 DE MAYO AUTOPISTA 1 SUR ARTURO FRONDIZI,AUTOPISTA,AUTOPISTA 25 DE MAYO,AUTOPISTA 25 DE MAYO y AUTOPISTA 1 SUR PRESIDENTE ARTURO FRONDIZI,1,-58.38268809,-34.62282019
86,AV JUAN BAUTISTA ALBERDI Y GUARDIA NACIONAL,AVENIDA,"ALBERDI, JUAN BAUTISTA AV.","ALBERDI, JUAN BAUTISTA AV. y GUARDIA NACIONAL",9,-58.49603546,-34.64564271
87,SALGUERO 1410,CALLE,"SALGUERO, JERONIMO","SALGUERO, JERONIMO 1410",14,-58.41848605,-34.59394733
88,ARIAS Y TRONADOR,CALLE,ARIAS,ARIAS y TRONADOR,12,-58.48935041,-34.54917673
89,AV DEL LIBERTADOR Y TAGLE,AVENIDA,DEL LIBERTADOR AV.,DEL LIBERTADOR AV. y TAGLE,14,-58.39936478,-34.58271474
90,AUTOPISTA 1 SUR PTE ARTURO FRONDIZI KM 2.9,AUTOPISTA,AUTOPISTA 1 SUR PRESIDENTE ARTURO FRONDIZI,AUTOPISTA 1 SUR PRESIDENTE ARTURO FRONDIZI KM. 2.9,1,-58.37936704,-34.62694503
91,CRISOLOGO LARRALDE Y AVDA TRIUNVIRATO,AVENIDA,"LARRALDE, CRISOLOGO AV.","LARRALDE, CRISOLOGO AV. y TRIUNVIRATO AV.",12,-58.49659234,-34.56353635
92,AV EVA PERON 4233,AVENIDA,"PERON, EVA AV.","PERON, EVA AV. 4233",9,-58.47256391,-34.65194557
93,AV ASAMBLEA Y AV CNEL ESTEBAN BONORINO,AVENIDA,ASAMBLEA AV.,"ASAMBLEA AV. y BONORINO, ESTEBAN, CNEL. AV.",7,-58.45130953,-34.64053676
94,AVDA RIVADAVIA Y RIVERA INDARTE,AVENIDA,RIVADAVIA AV.,RIVADAVIA AV. y RIVERA INDARTE AV.,7,-58.46271207,-34.62884871
95,AUTOPISTA PERITO MORENO Y AV JUAN B ALBERDI,AUTOPISTA,AUTOPISTA PERITO MORENO,"AUTOPISTA PERITO MORENO y ALBERDI, JUAN BAUTISTA AV.",10,-58.49020869,-34.64243791
96,IRIGOYEN Y TINOGASTA,CALLE,IRIGOYEN,IRIGOYEN y TINOGASTA,10,-58.52572109,-34.62125906
97,AV MARIANO ACOSTA Y AV CNEL ROCA,AVENIDA,"ACOSTA, MARIANO","ACOSTA, MARIANO y ROCA, CNEL. AV.",8,-58.44094791,-34.66677111
98,CASTRO Y AV PAVON,AVENIDA,CASTRO,CASTRO y PAVON AV.,5,-58.41914024,-34.6305389
99,AUTOPISTA 9 DE JULIO SUR Y AV BRASIL,AUTOPISTA,AUTOPISTA 1 SUR PRESIDENTE ARTURO FRONDIZI,AUTOPISTA 1 SUR PRESIDENTE ARTURO FRONDIZI y BRASIL,1,-58.37910942,-34.62764717
100,MIRAVE 3500,CALLE,MIRAVE,MIRAVE 3500,4,-58.39871183,-34.64539318
101,AV SAN JUAN Y 24 DE NOVIEMBRE,AVENIDA,SAN JUAN AV.,SAN JUAN AV. y 24 DE NOVIEMBRE,3,-58.41036975,-34.62477021
102,AV LAS HERAS Y SANCHEZ DE BUSTAMANTE,AVENIDA,LAS HERAS GENERAL AV.,LAS HERAS GENERAL AV. y SANCHEZ DE BUSTAMANTE,14,-58.40204698,-34.5834269
103,AV PIEDRA BUENA Y 2 DE ABRIL 1982,AVENIDA,PIEDRA BUENA AV.,PIEDRA BUENA AV. y 2 DE ABRIL DE 1982,8,-58.48935287,-34.67648597
104,AV FIGUEROA ALCORTA  Y PINEDO,AVENIDA,"FIGUEROA ALCORTA, PRES. AV.","FIGUEROA ALCORTA, PRES. AV. y PINEDO, INT.",14,-58.42260225,-34.56403694
105,AU BUENOS AIRES - LA PLATA KM. 4,AUTOPISTA,AUTOPISTA BUENOS AIRES - LA PLATA,AU BUENOS AIRES - LA PLATA KM. 4,4,,
106,AV SAN MARTIN Y LADINES,AVENIDA,SAN MARTIN AV.,SAN MARTIN AV. y LADINES,11,-58.51537091,-34.59035925
107,AV CABILDO Y BLANCO ENCALADA,AVENIDA,CABILDO AV.,CABILDO AV. y BLANCO ENCALADA,13,-58.4590967,-34.55922742
108,AV PRESIDENTE FIGUEROA ALCORTA Y AV DORREGO,AVENIDA,"FIGUEROA ALCORTA, PRES. AV.","FIGUEROA ALCORTA, PRES. AV. y DORREGO AV.",14,-58.42008769,-34.56539579
109,AV JURAMENTO Y VUELTA DE OBLIGADO,AVENIDA,JURAMENTO AV.,JURAMENTO AV. y VUELTA DE OBLIGADO,13,-58.45566399,-34.56147293
110,AV DEL LIBERTADOR Y AV RAMOS MEJIA,AVENIDA,DEL LIBERTADOR AV.,"DEL LIBERTADOR AV. y RAMOS MEJIA, JOSE MARIA, DR. AV.",1,-58.37533517,-34.59276462
111,AV. ALTE. BROWN 984,AVENIDA,"BROWN, ALTE. AV.","BROWN, ALTE. AV. 984",4,-58.35975012,-34.63343907
112,AV DEL LIBERTADOR Y LA PAMPA,AVENIDA,DEL LIBERTADOR AV.,DEL LIBERTADOR AV. y LA PAMPA,13,-58.44523595,-34.55953855
113,PICHINCHA Y AV BRASIL,AVENIDA,PICHINCHA AV.,PICHINCHA AV. y BRASIL,4,-58.39626094,-34.63036565
114,AV INDEPENDENCIA Y VIRREY CEVALLOS,AVENIDA,INDEPENDENCIA AV.,"INDEPENDENCIA AV. y CEVALLOS, VIRREY",1,-58.38896772,-34.61799615
115,AV GARMENDIA 4895,AVENIDA,GARMENDIA AV.,GARMENDIA AV. 4895,15,-58.46536113,-34.59484504
116,AV AMANCIO ALCORTA Y DIOGENES TABORDA,AVENIDA,"ALCORTA, AMANCIO AV.","ALCORTA, AMANCIO AV. y TABORDA, DIOGENES",4,-58.40879146,-34.65273216
117,AV PERITO MORENO Y ZUVIRIA,AVENIDA,"MORENO, PERITO AV.","MORENO, PERITO AV. y ZUVIRIA",7,-58.46451841,-34.64991946
118,ARAOZ Y AV CORDOBA,AVENIDA,ARAOZ,ARAOZ y CORDOBA AV.,15,-58.4291709,-34.59485488
119,AV GRAL PAZ 15200,GRAL PAZ,"PAZ, GRAL. AV.","PAZ, GRAL. AV. 15200",8,-58.49007772,-34.68251141
120,MADERO 900,CALLE,MADERO,MADERO 900,10,-58.52756365,-34.62772274
121,AV INDEPENDENCIA Y DEAN FUNES,AVENIDA,INDEPENDENCIA AV.,INDEPENDENCIA AV. y DEAN FUNES,3,-58.40638983,-34.61943202
122,AV JUAN B JUSTO 5645,AVENIDA,"JUSTO, JUAN B. AV.","JUSTO, JUAN B. AV. 5645",11,-58.47576807,-34.61740997
123,AUTOPISTA PERITO MORENO ALTURA VELZ,AUTOPISTA,AUTOPISTA PERITO MORENO,AUTOPISTA PERITO MORENO (ALTURA VELEZ SARSFIELD),9,-58.51927194,-34.63635787
124,AV SANTA FE Y GODOY CRUZ,AVENIDA,SANTA FE AV.,SANTA FE AV. y GODOY CRUZ,14,-58.42525456,-34.57866344
125,AV FEDERICO LACROZE Y AV FOREST,AVENIDA,"LACROZE, FEDERICO AV.","LACROZE, FEDERICO AV. y FOREST AV.",15,-58.45396573,-34.58518167
126,AV GRAL PAZ Y AV GENERAL MOSCONI,GRAL PAZ,"PAZ, GRAL. AV.","PAZ, GRAL. AV. y MOSCONI GENERAL AV.",11,-58.52340614,-34.59798754
127,AV LA PLATA Y CNEL GREGORIO POMAR,AVENIDA,LA PLATA AV.,"LA PLATA AV. y POMAR, GREGORIO TTE. CNEL.",4,-58.42323628,-34.64119105
128,AV MARTIN GARCIA 300,AVENIDA,"GARCIA, MARTIN AV.","GARCIA, MARTIN AV. 300",4,-58.36926144,-34.62841919
129,NUÑEZ Y AV RICARDO BALBIN,AVENIDA,NUÑEZ,"NUÑEZ y BALBIN, RICARDO, DR. AV.",12,-58.47935434,-34.55676497
130,AV GRAL PAZ 4500,GRAL PAZ,"PAZ, GRAL. AV.","PAZ, GRAL. AV. 4500",12,-58.50598256,-34.5637998
131,AU BUENOS AIRES - LA PLATA Y AU 25 DE MAYO,AUTOPISTA,"HUERGO, ING. AV.","HUERGO, ING. AV. y AUTOPISTA 25 DE MAYO",1,-58.36607137,-34.62150748
132,AV GARAY Y CASTRO,AVENIDA,"GARAY, JUAN DE AV.","GARAY, JUAN DE AV. y CASTRO",5,-58.41918902,-34.63174259
133,AV DIRECTORIO Y AV SAN PEDRITO,AVENIDA,DIRECTORIO AV.,DIRECTORIO AV. y SAN PEDRITO AV.,7,-58.46749188,-34.63551751
134,AUTOPISTA 25 DE MAYO,AUTOPISTA,AUTOPISTA 25 DE MAYO,AUTOPISTA 25 DE MAYO,0,,
135,CNEL RAMON L FALCON Y MEMBRILLAR,CALLE,"FALCON, RAMON L.,CNEL.","FALCON, RAMON L.,CNEL. y MEMBRILLAR",7,-58.46064174,-34.62960517
136,AV BELGRANO Y AV PASEO COLON,AVENIDA,BELGRANO AV.,BELGRANO AV. y PASEO COLON AV.,1,-58.36956186,-34.61232875
137,ARENALES 3319,CALLE,ARENALES,ARENALES 3319,14,-58.40966671,-34.58788235
138,REPUBLICA BOLIVARIANA DE VENEZUELA Y SAAVEDRA,CALLE,REPUBLICA BOLIVARIANA DE VENEZUELA,REPUBLICA BOLIVARIANA DE VENEZUELA y SAAVEDRA,3,-58.40288226,-34.61544091
139,AV. JUAN B JUSTO Y ACHUPALLAS,AVENIDA,"JUSTO, JUAN B. AV.","JUSTO, JUAN B. AV. y ACHUPALLAS",11,-58.4659423,-34.61028571
140,OLAVARRIA Y AV. VELEZ SARSFIELD,AVENIDA,OLAVARRIA,OLAVARRIA y VELEZ SARSFIELD AV.,4,-58.38957669,-34.64410277
141,LIMA Y MEXICO,CALLE,LIMA,LIMA y MEXICO,1,-58.3816166,-34.61529543
142,JOSE A CABRERA Y BONPLAND,CALLE,"CABRERA, JOSE A.","CABRERA, JOSE A. y BONPLAND",14,-58.43917004,-34.58494351
143,AU 25 DE MAYO Y AV. BOEDO,AUTOPISTA,AUTOPISTA 25 DE MAYO,AUTOPISTA 25 DE MAYO y BOEDO AV.,5,-58.41595919,-34.62743346
144,AV. DIRECTORIO Y RIGLOS,AVENIDA,DIRECTORIO AV.,DIRECTORIO AV. y RIGLOS,6,-58.4356488,-34.62828656
145,AV. GRAL. PAZ Y AV. R. BALBIN,GRAL PAZ,"PAZ, GRAL. AV.","PAZ, GRAL. AV. y BALBIN, RICARDO, DR. AV.",12,-58.5007381,-34.5497951
146,TRAFUL Y DIOGENES TABORDA,CALLE,TRAFUL,"TRAFUL y TABORDA, DIOGENES",4,-58.40969005,-34.6505529
147,IRIARTE 3055,AVENIDA,"IRIARTE, GRAL. AV.","IRIARTE, GRAL. AV. 3055",4,-58.38972622,-34.65098981
148,AV. DONADO Y ARIAS,AVENIDA,DONADO,DONADO y ARIAS,12,-58.49185972,-34.55046754
149,CORDOBA AV. Y CALLAO,AVENIDA,CORDOBA AV.,CORDOBA AV. y CALLAO AV.,2,-58.39293417,-34.59963642
150,"AU 25 DE MAYO, KILOMETRO 8.3, SENTIDO HACIA PROVINCIA DE BUENOS AIRES, C.A.B.A.",AUTOPISTA,AUTOPISTA 25 DE MAYO,AUTOPISTA 25 DE MAYO KM. 8.3,1,-58.38099494,-34.62288231
151,AV. JUAN B JUSTO Y PARAGUAY,AVENIDA,"JUSTO, JUAN B. AV.","JUSTO, JUAN B. AV. y PARAGUAY",14,-58.429012,-34.58095431
152,AV. GRAL. PAZ Y AV. DE LOS CORRALES,GRAL PAZ,"PAZ, GRAL. AV.","PAZ, GRAL. AV. y DE LOS CORRALES AV.",9,-58.50877521,-34.66977709
153,SARMIENTO Y LIBERTAD,CALLE,SARMIENTO,SARMIENTO y LIBERTAD,1,-58.38362373,-34.60509972
154,AV. RIVADAVIA 7121,AVENIDA,RIVADAVIA AV.,RIVADAVIA AV. 7121,7,-58.46589308,-34.62955795
155,AV. FERNANDEZ DE LA CRUZ Y RIVERA INDARTE,AVENIDA,"FERNANDEZ DE LA CRUZ, F., GRAL. AV.","FERNANDEZ DE LA CRUZ, F., GRAL. AV. y RIVERA INDARTE AV.",7,-58.43614426,-34.6542464
156,AV. PERITO MORENO Y FOURNIER,AVENIDA,"MORENO, PERITO AV.","MORENO, PERITO AV. y FOURNIER",4,-58.41842777,-34.64979057
157,AV. CASEROS 1429,AVENIDA,CASEROS AV.,CASEROS AV. 1429,1,-58.38332245,-34.6319325
158,AV. GAONA Y FRAGATA SARMIENTO,AVENIDA,GAONA AV.,GAONA AV. y FRAGATA PRES. SARMIENTO,6,-58.45475488,-34.61196327
159,MOZART Y TANDIL,CALLE,MOZART,MOZART y TANDIL,9,-58.48501341,-34.64742455
160,MOZART Y COLECTORA AV. TTE. LUIS J DELLEPIANE,AVENIDA,MOZART,MOZART y AUTOPISTA DELLEPIANE LUIS TTE. GRAL.,9,-58.47010988,-34.65872088
161,24 DE NOVIEMBRE Y PAVON ,CALLE,24 DE NOVIEMBRE,24 DE NOVIEMBRE y PAVON,3,-58.4099756,-34.62873635
162,AV. GRAL. PAZ Y PEDRO DE MENDOZA,GRAL PAZ,"PAZ, GRAL. AV.","PAZ, GRAL. AV. y LOS CEDROS",8,-58.48892175,-34.68359163
163,AV. GRAL. PAZ KM. 10,GRAL PAZ,"PAZ, GRAL. AV.","PAZ, GRAL. AV. y GUTIERREZ, RICARDO",11,-58.52466448,-34.60325478
164,GODOY CRUZ 2651,CALLE,GODOY CRUZ,GODOY CRUZ 2651,14,-58.42554218,-34.57929036
165,AV. DR. TRISTAN ACHAVAL RODRIGUEZ Y BLVD. AZUCENA VILLAFLOR,AVENIDA,"ACHAVAL RODRIGUEZ, T., DR. AV.","ACHAVAL RODRIGUEZ, T., DR. AV. y VILLAFLOR, AZUCENA",1,-58.35881506,-34.61113641
166,CURUPAYTI Y COLECTORA AV. GRAL. PAZ,GRAL PAZ,"PAZ, GRAL. AV.","PAZ, GRAL. AV. y CAMPANA",12,-58.51452347,-34.58159762
167,AV. INDEPENDENCIA Y VIRREY CEVALLOS,AVENIDA,INDEPENDENCIA AV.,"INDEPENDENCIA AV. y CEVALLOS, VIRREY",1,-58.38896772,-34.61799615
168,AV. CASTAÑARES Y LAUTARO,AVENIDA,CASTA?ARES AV.,CASTAÑARES AV. y LAUTARO,7,-58.44516857,-34.64363363
169,CAMINO CIUDAD UNUVERSITARIA Y AV. TTE. GUIRALDES,AVENIDA,"GUIRALDES, INT.","GUIRALDES, INT. 2699",13,-58.43834197,-34.54560369
170,BALDOMERO FERNANDEZ MORENO 2186,CALLE,"FERNANDEZ MORENO, BALDOMERO","FERNANDEZ MORENO, BALDOMERO 2186",7,-58.45485084,-34.63531854
171,AV. LEOPOLDO LUGONES PKM 6900,GRAL PAZ,"LUGONES, LEOPOLDO AV.","LUGONES, LEOPOLDO AV.",14,,
172,NOGOYA 5940,CALLE,NOGOYA,NOGOYA 5940,10,-58.52449285,-34.62454175
173,AV. ARGENTINA Y AV. CORVALAN,AVENIDA,ARGENTINA AV.,ARGENTINA AV. y CORVALAN,8,-58.46713742,-34.6719879
174,AV. FERNANDEZ DE LA CRUZ Y VARELA,AVENIDA,"FERNANDEZ DE LA CRUZ, F., GRAL. AV.","FERNANDEZ DE LA CRUZ, F., GRAL. AV. y VARELA AV.",8,-58.43850413,-34.65554754
175,AU PERITO MORENO Y RAMAL ENLACE AU1/AU6,AUTOPISTA,AUTOPISTA PERITO MORENO,AU PERITO MORENO Y RAMAL ENLACE AU1/AU6,9,,
176,AU DELLEPIANE 2400,AUTOPISTA,AUTOPISTA DELLEPIANE LUIS TTE. GRAL.,AU DELLEPIANE 2400,7,,
177,AV. GRAL. PAZ Y GOLETA JULIA,GRAL PAZ,"PAZ, GRAL. AV.","PAZ, GRAL. AV. y GOLETA SANTA CRUZ",8,-58.49413799,-34.68095739
178,VIEYTES Y VILLARINO,CALLE,VIEYTES,VIEYTES y VILLARINO,4,-58.37547846,-34.65326075
179,AV. DE LOS CONSTITUYENTES Y PEDRO MORAN,AVENIDA,DE LOS CONSTITUYENTES AV.,"DE LOS CONSTITUYENTES AV. y MORAN, PEDRO",15,-58.48680218,-34.58689719
180,AV. DE LOS CONSTITUYENTES 4900,AVENIDA,DE LOS CONSTITUYENTES AV.,DE LOS CONSTITUYENTES AV. 4900,12,-58.49563989,-34.57962262
181,AV. CORDOBA Y LIBERTAD,AVENIDA,CORDOBA AV.,CORDOBA AV. y LIBERTAD,1,-58.38403232,-34.5991594
182,BRASIL Y LIMA,CALLE,BRASIL,BRASIL y LIMA,1,-58.38223382,-34.62693865
183,AV. ESCALADA Y AV. FERNANDEZ DE LA CRUZ,AVENIDA,ESCALADA AV.,"ESCALADA AV. y FERNANDEZ DE LA CRUZ, F., GRAL. AV.",8,-58.45966521,-34.67323292
184,PARAGUAY Y AV. CALLAO ,AVENIDA,PARAGUAY,PARAGUAY y CALLAO AV.,2,-58.39303911,-34.59871111
185,AV. JUAN B JUSTO Y SAN BLAS,AVENIDA,"JUSTO, JUAN B. AV.","JUSTO, JUAN B. AV. y SAN BLAS",10,-58.51262106,-34.63395999
186,CHILE Y AV. 9 DE JULIO,AVENIDA,CHILE,CHILE y 9 DE JULIO AV.,1,-58.38118367,-34.61646839
187,MAIPU Y PERON,CALLE,MAIPU,"MAIPU y PERON, JUAN DOMINGO, TTE. GENERAL",1,-58.37653284,-34.60582475
188,AV. SUAREZ Y HERRERA,AVENIDA,SUAREZ AV.,SUAREZ AV. y HERRERA,4,-58.37709334,-34.64035082
189,AV. SAN MARTIN Y FRAGATA SARMIENTO,AVENIDA,SAN MARTIN AV.,SAN MARTIN AV. y FRAGATA PRES. SARMIENTO,15,-58.46002142,-34.60409469
190,AV. DIRECTORIO Y AV. JOSE MARIA MORENO,AVENIDA,DIRECTORIO AV.,"DIRECTORIO AV. y MORENO, JOSE MARIA AV.",6,-58.4338197,-34.62801894
191,AV. TTE. FRANCISCO RABANAL 2950,AVENIDA,"RABANAL, FRANCISCO, INTENDENTE AV.","RABANAL, FRANCISCO, INTENDENTE AV. 2950",8,-58.43580656,-34.66437532
192,AV. GRAL. PAZ Y ULRICO SCHMIDL,GRAL PAZ,"PAZ, GRAL. AV.","PAZ, GRAL. AV. y SCHMIDL, ULRICO",9,-58.52173071,-34.65997463
193,NUEVA YORK  3696,CALLE,NUEVA YORK,NUEVA YORK 3696,11,-58.50791763,-34.59804273
194,AV. DE LOS CONSTITUYENTES Y VALLEJOS,AVENIDA,DE LOS CONSTITUYENTES AV.,DE LOS CONSTITUYENTES AV. y VALLEJOS,12,-58.49175088,-34.58226957
195,AV. CORRIENTES Y ECUADOR,AVENIDA,CORRIENTES AV.,CORRIENTES AV. y ECUADOR,3,-58.40781467,-34.60425669
196,CASCO 133,CALLE,CASCO,CASCO 133,9,-58.52567073,-34.63787791
197,AV. DE MAYO Y AV. 9 DE JULIO,AVENIDA,DE MAYO AV.,DE MAYO AV. y 9 DE JULIO AV.,1,-58.381542,-34.60906385
198,AV. RAMON CASTILLO Y CALLE 12,AVENIDA,"CASTILLO, RAMON S., PRES. AV.","CASTILLO, RAMON S., PRES. AV. y CALLE 12 (NO OFICIAL)",2,-58.38526125,-34.5780581
199,FRAY JUSTO SANTAMARIA DE ORO 1930,CALLE,FRAY JUSTO SANTAMARIA DE ORO,FRAY JUSTO SANTAMARIA DE ORO 1930,14,-58.42934104,-34.58451712
200,MEXICO Y DEAN FUNES,CALLE,MEXICO,MEXICO y DEAN FUNES,3,-58.40657493,-34.61781124
201,AV. JUAN B ALBERDI Y AV. ESCALADA,AVENIDA,"ALBERDI, JUAN BAUTISTA AV.","ALBERDI, JUAN BAUTISTA AV. y ESCALADA AV.",9,-58.49525314,-34.64487785
202,AV. ENTRE RIOS Y AV. BRASIL,AVENIDA,ENTRE RIOS AV.,ENTRE RIOS AV. y BRASIL,4,-58.39092851,-34.62932696
203,AV. JUAN B ALBERDI Y GUARDIA NACIONAL,AVENIDA,"ALBERDI, JUAN BAUTISTA AV.","ALBERDI, JUAN BAUTISTA AV. y GUARDIA NACIONAL",9,-58.49603546,-34.64564271
204,AV. DEL LIBERTADOR Y RODRIGUEZ PEÑA,AVENIDA,DEL LIBERTADOR AV.,DEL LIBERTADOR AV. y RODRIGUEZ PEÑA,2,-58.38502878,-34.58703485
205,TACUARI Y AV. MARTIN GARCIA,AVENIDA,TACUARI,"TACUARI y GARCIA, MARTIN AV.",4,-58.37261143,-34.63150425
206,AV. RIVADAVIA Y MURGUIONDO,AVENIDA,RIVADAVIA AV.,RIVADAVIA AV. y MURGUIONDO,9,-58.51876802,-34.63905965
207,24 DE NOVIEMBRE 390,CALLE,24 DE NOVIEMBRE,24 DE NOVIEMBRE 390,3,-58.41095567,-34.61516101
208,AV. PASEO COLON Y BRASIL,AVENIDA,PASEO COLON AV.,PASEO COLON AV. y BRASIL AV.,1,-58.36797542,-34.62519403
209,MARTINIANO LEGUIZAMON 901,CALLE,"LEGUIZAMON, MARTINIANO","LEGUIZAMON, MARTINIANO 901",9,-58.51514709,-34.64787051
210,AV. CHIVILCOY Y COLECTORA AV. GRAL. PAZ ,GRAL PAZ,CHIVILCOY AV.,"CHIVILCOY AV. y PAZ, GRAL. AV.",11,-58.51925642,-34.59171721
211,SUPERI Y AV. GRAL. PAZ,GRAL PAZ,SUPERI,"SUPERI y PAZ, GRAL. AV.",12,-58.48671535,-34.54321216
212,AU 25 DE MAYO Y AU FRONDIZI (9 DE JULIO SUR),AUTOPISTA,AUTOPISTA 25 DE MAYO,AUTOPISTA 25 DE MAYO y AUTOPISTA 1 SUR PRESIDENTE ARTURO FRONDIZI,1,-58.38268809,-34.62282019
213,"AV. LEOPOLDO LUGONES KM 7,5, ALTURA PUENTE SCALABRINI ORTIZ, SENTIDO A CENTRO PORTEÑO",AUTOPISTA,"LUGONES, LEOPOLDO AV.","LUGONES, LEOPOLDO AV. y PUENTE DISTRIBUIDOR SCALABRINI ORTIZ",13,-58.43633522,-34.54966288
214,VICTOR HUGO 2639,CALLE,"HUGO, VICTOR","HUGO, VICTOR 2639",10,-58.52640838,-34.61765855
215,AV. CORDOBA Y JERONIMO SALGUERO,AVENIDA,CORDOBA AV.,"CORDOBA AV. y SALGUERO, JERONIMO",14,-58.41894306,-34.59778875
216,AV. CABILDO Y NUÑEZ,AVENIDA,CABILDO AV.,CABILDO AV. y NUÑEZ,13,-58.46756026,-34.54972741
217,JOSE BONIFACIO 2114,CALLE,"BONIFACIO, JOSE","BONIFACIO, JOSE 2114",7,-58.45715752,-34.63132912
218,AV. PTE FIGUEROA ALCORTA 5400,AVENIDA,"FIGUEROA ALCORTA, PRES. AV.","FIGUEROA ALCORTA, PRES. AV. 5400",14,-58.42406784,-34.56213916
219,VENEZUELA 2135,CALLE,REPUBLICA BOLIVARIANA DE VENEZUELA,REPUBLICA BOLIVARIANA DE VENEZUELA 2135,3,-58.3967447,-34.61512051
220,AV. FCO. LACROZE Y ZAPATA,AVENIDA,"LACROZE, FEDERICO AV.","LACROZE, FEDERICO AV. y ZAPATA",13,-58.44537508,-34.57084818
221,IRIARTE Y ZAVALETA,AVENIDA,"IRIARTE, GRAL. AV.","IRIARTE, GRAL. AV. y ZAVALETA",4,-58.40056767,-34.6510708
222,AV. 9 DE JULIO Y ESTADOS UNIDOS,AVENIDA,9 DE JULIO AV.,9 DE JULIO AV. y ESTADOS UNIDOS,1,-58.38109568,-34.61853244
223,FRAY JUSTO SANTAMARIA DE ORO Y GUEMES,CALLE,FRAY JUSTO SANTAMARIA DE ORO,FRAY JUSTO SANTAMARIA DE ORO y GUEMES,14,-58.42533612,-34.58035258
224,AV. DEL LIBERTADOR Y JARAMILLO,AVENIDA,DEL LIBERTADOR AV.,DEL LIBERTADOR AV. y JARAMILLO,13,-58.46062311,-34.54395182
225,AV. GRAL. PAZ Y MACHAIN,GRAL PAZ,"PAZ, GRAL. AV.","PAZ, GRAL. AV. y MACHAIN",12,-58.49491054,-34.54795581
226,AV. DIRECTORIO Y PORTELA,AVENIDA,DIRECTORIO AV.,DIRECTORIO AV. y PORTELA,7,-58.47130269,-34.63665402
227,LAVALLE Y AV. LEANDRO N ALEM,AVENIDA,LAVALLE,"LAVALLE y ALEM, LEANDRO N. AV.",1,-58.370488,-34.60189492
228,USPALLATA Y PIROVANO,CALLE,USPALLATA,USPALLATA y PIROVANO,4,-58.42023854,-34.6423411
229,AU 25 DE MAYO Y AV. VARELA,AUTOPISTA,AUTOPISTA 25 DE MAYO,AUTOPISTA 25 DE MAYO y VARELA AV.,7,-58.45807401,-34.6399743
230,AV. SANTA FE Y MAIPU,AVENIDA,SANTA FE AV.,SANTA FE AV. y MAIPU,1,-58.37697717,-34.59573848
231,AV. ALVEAR Y AV. DEL LIBERTADOR,AVENIDA,ALVEAR AV.,ALVEAR AV. y DEL LIBERTADOR AV.,2,-58.3910058,-34.5849866
232,AV. PAVON Y TREINTA Y TRES ORIENTALES,AVENIDA,PAVON AV.,PAVON AV. y TREINTA Y TRES ORIENTALES,5,-58.42182126,-34.63089661
233,COLECTORA AV. GRAL. PAZ 5750,GRAL PAZ,"PAZ, GRAL. AV.","PAZ, GRAL. AV. 5750",12,-58.51389422,-34.58075791
234,VIEYTES Y CRUZ,AVENIDA,VIEYTES,"VIEYTES y CRUZ, OSVALDO AV.",4,-58.37585415,-34.65232158
235,AU DELLEPIANE Y AV. ESCALADA,AUTOPISTA,AUTOPISTA DELLEPIANE LUIS TTE. GRAL.,AUTOPISTA DELLEPIANE LUIS TTE. GRAL. y ESCALADA AV.,9,-58.47297505,-34.66245085
236,ALBARIÑO Y AV. ARGENTINA,AVENIDA,ALBARI?O,ALBARIÑO y ARGENTINA AV.,8,-58.46855503,-34.67216349
237,JUAN RAMIREZ DE VELAZCO 1211,CALLE,"RAMIREZ DE VELASCO, JUAN","RAMIREZ DE VELASCO, JUAN 1211",15,-58.44254033,-34.59185043
238,AV. FERNANDEZ DE LA CRUZ Y LARRAYA,AVENIDA,"FERNANDEZ DE LA CRUZ, F., GRAL. AV.","FERNANDEZ DE LA CRUZ, F., GRAL. AV. y LARRAYA",8,-58.46622247,-34.67926929
239,AV. RIESTRA Y CAÑADA DE GOMEZ,AVENIDA,RIESTRA AV.,RIESTRA AV. y CAÑADA DE GOMEZ,8,-58.48003734,-34.68148508
240,GALLO Y AV. CORDOBA,AVENIDA,GALLO,GALLO y CORDOBA AV.,2,-58.41192137,-34.59800248
241,DR. JUAN F. ARANGUREN 611,CALLE,"ARANGUREN, JUAN F., DR.","ARANGUREN, JUAN F., DR. 611",6,-58.44034689,-34.61349731
242,AU PERITO MORENO Y AU 25 DE MAYO,AUTOPISTA,AUTOPISTA PERITO MORENO,AUTOPISTA PERITO MORENO y AUTOPISTA 25 DE MAYO,9,-58.47155277,-34.64925746
243,CHORROARIN Y AV. SAN MARTIN,AVENIDA,CHORROARIN,CHORROARIN y SAN MARTIN AV.,15,-58.47883099,-34.59967065
244,COSQUIN Y AV. CNEL. ROCA,AVENIDA,COSQUIN,"COSQUIN y ROCA, CNEL. AV.",8,-58.46552171,-34.6937413
245,AV. CNEL. ROCA 3555,AVENIDA,"ROCA, CNEL. AV.","ROCA, CNEL. AV. 3555",8,-58.4423972,-34.66777987
246,AV. WARNES Y PUNTA ARENAS,AVENIDA,WARNES AV.,WARNES AV. y PUNTA ARENAS,15,-58.47032551,-34.59626814
247,DEL BARCO CENTENERA Y RABANAL,AVENIDA,BARCO CENTENERA DEL,"BARCO CENTENERA DEL y RABANAL, FRANCISCO, INTENDENTE AV.",4,-58.41827843,-34.65522746
248,AV. GRAL. ENRIQUE MOSCONI Y SAN NICOLAS,AVENIDA,MOSCONI GENERAL AV.,MOSCONI GENERAL AV. y SAN NICOLAS,11,-58.51280715,-34.59279388
249,AV. LAFUENTE Y AV. EVA PERON,AVENIDA,LAFUENTE AV.,"LAFUENTE AV. y PERON, EVA AV.",7,-58.46258582,-34.64385704
250,AV. CNEL. ROCA Y AV. ESCALADA,AVENIDA,"ROCA, CNEL. AV.","ROCA, CNEL. AV. y ESCALADA AV.",8,-58.45064148,-34.68003614
251,AU ARTURO FRONDIZI PKM 3100,AUTOPISTA,AUTOPISTA 1 SUR PRESIDENTE ARTURO FRONDIZI,AUTOPISTA 1 SUR PRESIDENTE ARTURO FRONDIZI,4,,
252,AV. LA PLATA Y AV. PEDRO GOYENA,AVENIDA,LA PLATA AV.,"LA PLATA AV. y GOYENA, PEDRO AV.",6,-58.42717783,-34.62513374
253,TRELLES Y GRAL. CESAR DIAZ,CALLE,"TRELLES, MANUEL R.","TRELLES, MANUEL R. y DIAZ, CESAR, GRAL.",11,-58.46442001,-34.60724519
254,AV. CNEL. ROCA Y COLECTORA AV. GRAL. PAZ,GRAL PAZ,"ROCA, CNEL. AV.","ROCA, CNEL. AV. y PAZ, GRAL. AV.",8,-58.47064556,-34.69843756
255,MAZA Y DON BOSCO,CALLE,MAZA,MAZA y DON BOSCO,5,-58.41677733,-34.61223119
256,AV. GRAL. PAZ Y AV. EVA PERON,GRAL PAZ,"PAZ, GRAL. AV.","PAZ, GRAL. AV. y PERON, EVA AV.",9,-58.5025179,-34.67450313
257,AV. SAN JUAN Y LA RIOJA,AVENIDA,SAN JUAN AV.,SAN JUAN AV. y LA RIOJA,3,-58.40708125,-34.62438894
258,AV. PASEO COLON Y MEXICO,AVENIDA,PASEO COLON AV.,PASEO COLON AV. y MEXICO,1,-58.36947198,-34.61477051
259,AV. RIVADAVIA Y MIRALLA,AVENIDA,RIVADAVIA AV.,RIVADAVIA AV. y MIRALLA,9,-58.51140889,-34.63934531
260,VIEYTES Y LUJAN,CALLE,VIEYTES,VIEYTES y LUJAN,4,-58.37460912,-34.65559133
261,CACHI Y TRAFUL,CALLE,CACHI,CACHI y TRAFUL,4,-58.41146277,-34.65073916
262,ROSARIO Y AV. LA PLATA,AVENIDA,ROSARIO,ROSARIO y LA PLATA AV.,6,-58.42855267,-34.61829385
263,AV. ENTRE RIOS Y AV. CASEROS ,AVENIDA,ENTRE RIOS AV.,ENTRE RIOS AV. y CASEROS AV.,4,-58.39035581,-34.63412287
264,AV. RIVADAVIA 6350,AVENIDA,RIVADAVIA AV.,RIVADAVIA AV. 6350,7,-58.45593915,-34.62656868
265,AV. GRAL. PAZ Y HUMAITA,GRAL PAZ,"PAZ, GRAL. AV.","PAZ, GRAL. AV. y HUMAITA",9,-58.52866211,-34.64597065
266,GUALEGUAYCHU Y COLECTORA AV. GRAL PAZ,GRAL PAZ,GUALEGUAYCHU,"GUALEGUAYCHU y PAZ, GRAL. AV.",11,-58.52037476,-34.59407024
267,AV. NAZCA 365,AVENIDA,NAZCA AV.,NAZCA AV. 365,7,-58.47074114,-34.62771756
268,AV. EVA PERON 5249,AVENIDA,"PERON, EVA AV.","PERON, EVA AV. 5249",9,-58.48200819,-34.65969965
269,San Juan Av. Y Rincón,AVENIDA,SAN JUAN AV.,SAN JUAN AV. y RINCON,3,-58.39536773,-34.62297346
270,Peru 937,CALLE,PERU,PERU 937,1,-58.37456088,-34.61895467
271,"Pueyrredon, Honorio, Dr. Av. y Galicia",AVENIDA,"PUEYRREDON, HONORIO, DR. AV.","PUEYRREDON, HONORIO, DR. AV. y GALICIA",15,-58.44860217,-34.60395657
272,Del Libertador Av. y Manzanares,AVENIDA,DEL LIBERTADOR AV.,DEL LIBERTADOR AV. y MANZANARES,13,-58.46129513,-34.54332766
273,Paseo Colon Av. 1019,AVENIDA,PASEO COLON AV.,PASEO COLON AV. 1019,1,-58.36907201,-34.61953517
274,Valle y Barco Centenera Del,CALLE,VALLE,VALLE y BARCO CENTENERA DEL,6,-58.44062219,-34.62499107
275,AU Perito Moreno  KM 0.6,AUTOPISTA,AUTOPISTA PERITO MORENO,AUTOPISTA PERITO MORENO KM. 0.6,9,-58.52502765,-34.63601265
276,"Huergo, Ing. Av. e Independencia Av.",AVENIDA,"HUERGO, ING. AV.","HUERGO, ING. AV. e INDEPENDENCIA AV.",1,-58.36659655,-34.61687778
277,"Pilcomayo y Brown, Alte. Av.",AVENIDA,PILCOMAYO,"PILCOMAYO y BROWN, ALTE. AV.",4,-58.36737389,-34.62763661
278,"Cervantes y Belaustegui, Luis, Dr.",CALLE,CERVANTES,"CERVANTES y BELAUSTEGUI, LUIS, DR.",10,-58.49807953,-34.63038658
279,Callao y Vte. Lopez,AVENIDA,CALLAO AV.,"CALLAO AV. y LOPEZ, VICENTE",2,-58.39092703,-34.59088447
280,"Oliden y Chilavert, Martiniano, Coronel",CALLE,OLIDEN,"OLIDEN y CHILAVERT, MARTINIANO, CORONEL",8,-58.46912006,-34.68049201
281,Congreso Av. y Galvan,AVENIDA,CONGRESO AV.,CONGRESO AV. y GALVAN,12,-58.48661286,-34.56786129
282,"Moreno, Perito Av. y Rivera Indarte",AVENIDA,"MORENO, PERITO AV.","MORENO, PERITO AV. y RIVERA INDARTE AV.",7,-58.44074927,-34.65080597
283,Australia Av. 2800,AVENIDA,AUSTRALIA AV.,AUSTRALIA AV. 2800,4,-58.38636298,-34.64684275
284,"Del Libertador Av. y Ramos Mejia, Jose Maria, Dr. Av.",AVENIDA,DEL LIBERTADOR AV.,"DEL LIBERTADOR AV. y RAMOS MEJIA, JOSE MARIA, DR. AV.",1,-58.37533517,-34.59276462
285,San Pedrito Av. y Rivadavia Av.,AVENIDA,SAN PEDRITO AV.,SAN PEDRITO AV. y RIVADAVIA AV.,7,-58.46963952,-34.63070603
286,"Isabel La Catolica y Salvadores, Cnel.",CALLE,ISABEL LA CATOLICA,"ISABEL LA CATOLICA y SALVADORES, CNEL.",4,-58.37207554,-34.64543658
287,Las Heras General Av. y Callao Av.,AVENIDA,LAS HERAS GENERAL AV.,LAS HERAS GENERAL AV. y CALLAO AV.,2,-58.39189441,-34.59176378
288,Fernandez de la Cruz Subida AU Héctor J. Cámpora,AUTOPISTA,AUTOPISTA PRESIDENTE HECTOR J. CAMPORA,"FERNANDEZ DE LA CRUZ F., GRAL. AV. y AUTOPISTA PRESIDENTE HECTOR J. CAMPORA",8,-58.45012957,-34.66518343
289,AMANCIO ALCORTA Y ZAVALETA,AVENIDA,"ALCORTA, AMANCIO AV.","ALCORTA, AMANCIO AV. y ZAVALETA",4,-58.40184094,-34.64546845
290,"Montes De Oca, Manuel y Olavarria",AVENIDA,"MONTES DE OCA, MANUEL AV.","MONTES DE OCA, MANUEL AV. y OLAVARRIA",4,-58.37441153,-34.63966783
291,Barco Centenera Del y Rosario,CALLE,BARCO CENTENERA DEL,BARCO CENTENERA DEL y ROSARIO,6,-58.44110156,-34.62082399
292,Alvarez Thomas Av. y Donado,AVENIDA,ALVAREZ THOMAS AV.,ALVAREZ THOMAS AV. y DONADO,15,-58.47087351,-34.57827342
293,Av. Avellaneda y Av. Boyacá,AVENIDA,AVELLANEDA AV.,AVELLANEDA AV. y BOYACA AV.,7,-58.4596221,-34.6224514
294,"Rabanal, Francisco, Intendente Av. y Saenz Av.",AVENIDA,"RABANAL, FRANCISCO, INTENDENTE AV.","RABANAL, FRANCISCO, INTENDENTE AV. y SAENZ AV.",4,-58.41657793,-34.65476216
295,Castro y Rondeau,CALLE,CASTRO,CASTRO y RONDEAU,5,-58.41911301,-34.63722107
296,"Bilbao, Francisco Av. y Azul",AVENIDA,"BILBAO, FRANCISCO AV.","BILBAO, FRANCISCO AV. y AZUL",9,-58.47120586,-34.64251042
297,Nazca Av. y Gaona Av.,AVENIDA,NAZCA AV.,NAZCA AV. y GAONA AV.,11,-58.47418944,-34.62049672
298,Plaza y Alvarez Thomas Av.,AVENIDA,PLAZA,PLAZA y ALVAREZ THOMAS AV.,15,-58.46720441,-34.57905579
299,"Gaona Av. y Artigas, Jose Gervasio, Gral.",AVENIDA,GAONA AV.,"GAONA AV. y ARTIGAS, JOSE GERVASIO, GRAL.",11,-58.46909362,-34.6177971
300,Cabildo Av. y Aguilar,AVENIDA,CABILDO AV.,CABILDO AV. y AGUILAR,13,-58.44704343,-34.5688864
301,Camarones y Lope De Vega Av.,AVENIDA,CAMARONES,CAMARONES y LOPE DE VEGA AV.,10,-58.50535541,-34.62902048
302,Santa Fe Av. 2320,AVENIDA,SANTA FE AV.,SANTA FE AV. 2320,2,-58.40021675,-34.59522198
303,Av. Rivadavia 6950,AVENIDA,RIVADAVIA AV.,RIVADAVIA AV. 6950,7,-58.46325991,-34.62919627
304,Av. San Martín y Argerich,AVENIDA,SAN MARTIN AV.,SAN MARTIN AV. y ARGERICH,15,-58.49471482,-34.59694755
305,"Cordoba Av. y Uriburu Jose E., Pres.",AVENIDA,CORDOBA AV.,"CORDOBA AV. y URIBURU JOSE E., PRES.",2,-58.3987261,-34.59975962
306,AV. RIVADAVIA 1571,AVENIDA,RIVADAVIA AV.,RIVADAVIA AV. 1571,1,-58.38872177,-34.60885045
307,AUTOPISTA LUGONES KM 4.7,AUTOPISTA,"LUGONES, LEOPOLDO AV.",AUTOPISTA LUGONES KM 4.7,14,,
308,Ramon Freire y Virrey Olaguer y Feliu,CALLE,"FREIRE, RAMON, CAP. GRAL.","FREIRE, RAMON, CAP. GRAL. y OLAGUER Y FELIU, VIRREY",13,-58.45686132,-34.57305993
309,"La Plata Av. y Fernandez De La Cruz, F., Gral. Av.",AVENIDA,LA PLATA AV.,"LA PLATA AV. y FERNANDEZ DE LA CRUZ, F., GRAL. AV.",4,-58.42281627,-34.64282424
310,BRANDSEN y PERDRIEL,CALLE,BRANDSEN,BRANDSEN y PERDRIEL,4,-58.38666024,-34.63953396
311,"Vilardebo, Teodoro y Alvarez Jonte Av.",AVENIDA,"VILARDEBO, TEODORO","VILARDEBO, TEODORO y ALVAREZ JONTE AV.",11,-58.49122843,-34.61207587
312,Alberti e Independencia Av.,AVENIDA,ALBERTI,ALBERTI e INDEPENDENCIA AV.,3,-58.40098306,-34.61866627
313,Alvarez Thomas Av. 879,AVENIDA,ALVAREZ THOMAS AV.,ALVAREZ THOMAS AV. 879,13,-58.45448963,-34.5791692
314,Av. Gral. Paz y Av. Rivadavia,GRAL PAZ,"PAZ, GRAL. AV.","PAZ, GRAL. AV. y RIVADAVIA AV.",9,-58.52927982,-34.63931752
315,Av. Corrientes y Av. Dorrego,AVENIDA,CORRIENTES AV.,CORRIENTES AV. y DORREGO AV.,15,-58.44759966,-34.5917024
316,Rivadavia Av. y Pedernera,AVENIDA,RIVADAVIA AV.,RIVADAVIA AV. y PEDERNERA,7,-58.46411215,-34.62925068
317,Quesada 2300,CALLE,QUESADA,QUESADA 2300,13,-58.4621322,-34.55395823
318,Cabildo Av. y Juramento Av.,AVENIDA,CABILDO AV.,CABILDO AV. y JURAMENTO AV.,13,-58.45669422,-34.5620361
319,"California y Carbonari, Francisco, Cmte.",CALLE,CALIFORNIA,"CALIFORNIA y CARBONARI, FRANCISCO, CMTE.",4,-58.3597716,-34.64341878
320,"Carril, Salvador Maria Del Av. y Nazca",AVENIDA,"CARRIL, SALVADOR MARIA DEL AV.","CARRIL, SALVADOR MARIA DEL AV. y NAZCA",15,-58.49820145,-34.59070093
321,San Luis y Aguero,CALLE,SAN LUIS,SAN LUIS y AGUERO,3,-58.4105928,-34.5993918
322,Lugones 2430,CALLE,LUGONES,LUGONES 2430,12,-58.47969138,-34.57121563
323,Independencia Av. y Jujuy Av.,AVENIDA,INDEPENDENCIA AV.,INDEPENDENCIA AV. y JUJUY AV.,3,-58.40351561,-34.61883916
324,Av. Rivadavia 11050,AVENIDA,RIVADAVIA AV.,RIVADAVIA AV. 11050,9,-58.51973844,-34.63918987
325,Combate De Los Pozos y Humberto 1°,CALLE,COMBATE DE LOS POZOS,COMBATE DE LOS POZOS y HUMBERTO 1° A,3,-58.39311376,-34.62163006
326,Cordoba Av. y Thames,AVENIDA,CORDOBA AV.,CORDOBA AV. y THAMES,15,-58.43531242,-34.59082159
327,"Garay, Juan De Av. y Sanchez De Loria",AVENIDA,"GARAY, JUAN DE AV.","GARAY, JUAN DE AV. y SANCHEZ DE LORIA",5,-58.41178165,-34.63035454
328,"Lavalle y Alem, Leandro N. Av.",AVENIDA,LAVALLE,"LAVALLE y ALEM, LEANDRO N. AV.",1,-58.370488,-34.60189492
329,Estados Unidos y Pichincha,CALLE,ESTADOS UNIDOS,ESTADOS UNIDOS y PICHINCHA,3,-58.39883882,-34.61964833
330,Rosario y Barco Centenera Del,CALLE,ROSARIO,ROSARIO y BARCO CENTENERA DEL,6,-58.44110156,-34.62082399
331,Av. Leandro N. Alem y Viamonte,AVENIDA,"ALEM, LEANDRO N. AV.","ALEM, LEANDRO N. AV. y VIAMONTE",1,-58.37093138,-34.59952725
332,Varela Av. y Primera Junta,AVENIDA,VARELA AV.,VARELA AV. y PRIMERA JUNTA,7,-58.45855262,-34.63953253
333,"Pellegrini, Carlos y Juncal",CALLE,"PELLEGRINI, CARLOS","PELLEGRINI, CARLOS y JUNCAL",1,-58.38161909,-34.59283447
334,Av. Corrientes y Av. Federico Lacroze,AVENIDA,CORRIENTES AV.,"CORRIENTES AV. y LACROZE, FEDERICO AV.",15,-58.45511899,-34.58698157
335,"Montes De Oca, Manuel y Finochietto Enrique Dr.",AVENIDA,"MONTES DE OCA, MANUEL AV.","MONTES DE OCA, MANUEL AV. y FINOCHIETTO ENRIQUE DR.",4,-58.37724226,-34.62973033
336,"Carabobo Av. y Alberdi, Juan Bautista Av.",AVENIDA,CARABOBO AV.,"CARABOBO AV. y ALBERDI, JUAN BAUTISTA AV.",7,-58.45546217,-34.62930339
337,"Córdoba Av. 2215

",AVENIDA,CORDOBA AV.,CORDOBA AV. 2215,2,-58.39897064,-34.59954925
338,"Estados Unidos y Urquiza, Gral.",CALLE,ESTADOS UNIDOS,"ESTADOS UNIDOS y URQUIZA, GRAL.",3,-58.40917826,-34.62126274
339,Moreno y Av. Huergo,AVENIDA,MORENO,"MORENO y HUERGO, ING. AV.",1,-58.36726348,-34.61099738
340,"AU Dellepiane kilometro 0.0, altura calle Montiel, sentido hacia el Centro Porteño",AUTOPISTA,AUTOPISTA DELLEPIANE LUIS TTE. GRAL.,AUTOPISTA DELLEPIANE LUIS TTE. GRAL. y MONTIEL,8,-58.48267426,-34.68454456
341,"Iriarte, Gral. Av. 3400",AVENIDA,"IRIARTE, GRAL. AV.","IRIARTE, GRAL. AV. 3400",4,-58.39546165,-34.65168841
342,AV. JUAN B. ALBERDI 2968,AVENIDA,"ALBERDI, JUAN BAUTISTA AV.","ALBERDI, JUAN BAUTISTA AV. 2968",7,-58.46941984,-34.63376545
343,Del Libertador Av. y Ortiz De Ocampo,AVENIDA,DEL LIBERTADOR AV.,DEL LIBERTADOR AV. y ORTIZ DE OCAMPO,14,-58.40367321,-34.58129246
344,"Chavez, Jorge y Paz, Gral. Av.",CALLE,"CHAVEZ, JORGE","CHAVEZ, JORGE y PAZ, GRAL. AV.",9,-58.52932872,-34.65014993
345,"Urquiza, Gral. y Estados Unidos",CALLE,"URQUIZA, GRAL.","URQUIZA, GRAL. y ESTADOS UNIDOS",3,-58.40917826,-34.62126274
346,Paraguay y Sánchez De Bustamante,CALLE,PARAGUAY,PARAGUAY y SANCHEZ DE BUSTAMANTE,2,-58.41264127,-34.59473294
347,"De Los Corrales Av. y Paz, Gral. Av.",GRAL PAZ,DE LOS CORRALES AV.,"DE LOS CORRALES AV. y PAZ, GRAL. AV.",9,-58.50877521,-34.66977709
348,"Alberdi, Juan Bautista Av. y Carhue",AVENIDA,"ALBERDI, JUAN BAUTISTA AV.","ALBERDI, JUAN BAUTISTA AV. y CARHUE",9,-58.51232237,-34.6590353
349,Castañares Av. y Rivera Indarte Av.,AVENIDA,CASTANARES AV.,CASTAÑARES AV. y RIVERA INDARTE AV.,7,-58.44744156,-34.64567171
350,"Larrazabal y Garzon, Eugenio, Gral. Av.",AVENIDA,LARRAZABAL,"LARRAZABAL y GARZON, EUGENIO, GRAL. AV.",9,-58.49441273,-34.65869968
351,"Paz, Gral. Av. y Fernandez De La Cruz, F., Gral. Av.",GRAL PAZ,"PAZ, GRAL. AV.","PAZ, GRAL. AV. y FERNANDEZ DE LA CRUZ, F., GRAL. AV.",8,-58.47976785,-34.69153196
352,Av. Alicia Moreau de Justo y Cochabamba,AVENIDA,"MOREAU DE JUSTO, ALICIA AV.","MOREAU DE JUSTO, ALICIA AV. y COCHABAMBA",1,-58.36523349,-34.62260331
353,"Entre Rios Av. y Garay, Juan De Av.",AVENIDA,ENTRE RIOS AV.,"ENTRE RIOS AV. y GARAY, JUAN DE AV.",3,-58.39118948,-34.62704273
354,Directorio Av. y Guardia Nacional,AVENIDA,DIRECTORIO AV.,DIRECTORIO AV. y GUARDIA NACIONAL,9,-58.49019551,-34.65015854
355,Pavon Av. Y Colombres,AVENIDA,PAVON AV.,PAVON AV. y COLOMBRES,5,-58.41644362,-34.63023775
356,Av. Gral. Paz y Av. Dr. Ricardo Balbín,GRAL PAZ,"PAZ, GRAL. AV.","PAZ, GRAL. AV. y BALBIN, RICARDO, DR. AV.",12,-58.5007381,-34.5497951
357,Pichincha Av. y Brasil,AVENIDA,PICHINCHA AV.,PICHINCHA AV. y BRASIL,4,-58.39626094,-34.63036565
358,27 De Febrero Av. y Pergamino,AVENIDA,27 DE FEBRERO AV.,27 DE FEBRERO AV. y PERGAMINO,8,-58.43284809,-34.67051543
359,AU Perito Moreno KM 1.8 ALTURA BARRAGAN SENTIDO PBA,AUTOPISTA,AUTOPISTA PERITO MORENO,AUTOPISTA PERITO MORENO y BARRAGAN,9,-58.52280139,-34.63659934
360,Cordoba Av. y Gascon,AVENIDA,CORDOBA AV.,CORDOBA AV. y GASCON,14,-58.4233693,-34.59774487
361,15 De Noviembre De 1889 1513,CALLE,15 DE NOVIEMBRE DE 1889,15 DE NOVIEMBRE DE 1889 1513,1,-58.38691681,-34.63105973
362,"Salguero, Jeronimo y Beruti",CALLE,"SALGUERO, JERONIMO","SALGUERO, JERONIMO y BERUTI",14,-58.4116902,-34.5857988
363,"Lacarra Av. y Dellepiane, Luis, Tte. Gral.",AVENIDA,LACARRA AV.,"LACARRA AV. y DELLEPIANE, LUIS, TTE. GRAL.",9,-58.46739825,-34.65117757
364,"AU Héctor J. Cámpora y Roca, Cnel. Av.",AUTOPISTA,AUTOPISTA PRESIDENTE H?CTOR J. C?MPORA,"AUTOPISTA PRESIDENTE HÉCTOR J. CÁMPORA y ROCA, CNEL. AV.",8,-58.44483258,-34.67152226
365,Av. Varela y Av. Int. Francisco Rabanal,AVENIDA,VARELA AV.,"VARELA AV. y RABANAL, FRANCISCO, INTENDENTE AV.",8,-58.43254025,-34.66128115
366,Av. Gral. Paz e/ Ferre y Beron de Astrada,GRAL PAZ,"PAZ, GRAL. AV.","PAZ, GRAL. AV. y BERON DE ASTRADA",8,-58.47199387,-34.69640164
367,Elvira Rawson de Dellepiane 150,AVENIDA,"RAWSON DE DELLEPIANE, ELVIRA AV.","RAWSON DE DELLEPIANE, ELVIRA AV. 150",1,-58.36217754,-34.62367156
368,"Paz, Gral. Av. y Zapiola",GRAL PAZ,"PAZ, GRAL. AV.","PAZ, GRAL. AV. y ZAPIOLA",12,-58.48098594,-34.5407313
369,FAMATINA Y DIOGENES TABORDA,CALLE,FAMATINA,"FAMATINA y TABORDA, DIOGENES",4,-58.41083404,-34.64640709
370,Av. Castañares y Bonorino,AVENIDA,CASTA?ARES AV.,"CASTAÑARES AV. y BONORINO, ESTEBAN, CNEL. AV.",7,-58.44609828,-34.64446729
371,AU Frondizi 9 de Julio Sur y Av. Suarez,AUTOPISTA,AUTOPISTA 1 SUR PRESIDENTE ARTURO FRONDIZI,AUTOPISTA 1 SUR PRESIDENTE ARTURO FRONDIZI y SUAREZ AV.,4,-58.37709334,-34.64035082
372,Nazca Av. y Rivadavia Av.,AVENIDA,NAZCA AV.,NAZCA AV. y RIVADAVIA AV.,7,-58.46963952,-34.63070603
373,"Figueroa Alcorta, Pres. Av. y Echeverria",AVENIDA,"FIGUEROA ALCORTA, PRES. AV.","FIGUEROA ALCORTA, PRES. AV. y ECHEVERRIA",13,-58.43674281,-34.55161027
374,Rivadavia Av. y Jujuy Av.,AVENIDA,RIVADAVIA AV.,RIVADAVIA AV. y JUJUY AV.,3,-58.4059686,-34.61011987
375,"De Los Italianos Av. y Guemes, Macacha",AVENIDA,DE LOS ITALIANOS AV.,"DE LOS ITALIANOS AV. y GUEMES, MACACHA",1,-58.36154069,-34.60463618
376,"Tucuman y Alem, Leandro N. Av.",AVENIDA,TUCUMAN,"TUCUMAN y ALEM, LEANDRO N. AV.",1,-58.37062179,-34.60066507
377,"Corrientes Av. y Gallardo, Angel Av.",AVENIDA,CORRIENTES AV.,"CORRIENTES AV. y GALLARDO, ANGEL AV.",15,-58.43220014,-34.60207186
378,AU Perito Moreno y Av. Eva Perón SENTIDO CENTRO,AUTOPISTA,AUTOPISTA PERITO MORENO,"AUTOPISTA PERITO MORENO & PERON, EVA  AV.",9,-58.46958442,-34.64949724
379,Muñecas y Serrano,CALLE,MU?ECAS,MUÑECAS y SERRANO,15,-58.44671397,-34.59970903
380,"Artigas, Jose Gervasio, Gral. y Tres Arroyos",CALLE,"ARTIGAS, JOSE GERVASIO, GRAL.","ARTIGAS, JOSE GERVASIO, GRAL. y TRES ARROYOS",11,-58.47152163,-34.61474911
381,Solis e Independencia Av.,AVENIDA,SOLIS,SOLIS e INDEPENDENCIA AV.,1,-58.39032921,-34.61807951
382,"Bosch, Ventura y Paz, Gral. Av.",CALLE,"BOSCH, VENTURA","BOSCH, VENTURA y PAZ, GRAL. AV.",9,-58.52887773,-34.64297861
383,"Paz, Gral. Av. 14800",GRAL PAZ,"PAZ, GRAL. AV.","PAZ, GRAL. AV. 14800",8,-58.49371157,-34.67981324
384,Av. Eva Perón 5321,AVENIDA,"PERON, EVA AV.","PERON, EVA AV. 5321",9,-58.48266599,-34.66012327
385,"Peron, Juan Domingo, Tte. General y Pueyrredon Av.",AVENIDA,"PERON, JUAN DOMINGO, TTE. GENERAL","PERON, JUAN DOMINGO, TTE. GENERAL y PUEYRREDON AV.",3,-58.40612253,-34.60774301
386,Rabanal y San Pedrito,AVENIDA,"RABANAL, FRANCISCO, INTENDENTE AV.","RABANAL, FRANCISCO, INTENDENTE AV. y SAN PEDRITO",8,-58.43613623,-34.66292532
387,Monroe y Alvarez Thomas Av.,AVENIDA,MONROE,MONROE y ALVAREZ THOMAS AV.,12,-58.48250732,-34.57208238
388,Rivadavia Av. y Manzoni,AVENIDA,RIVADAVIA AV.,RIVADAVIA AV. y MANZONI,10,-58.49945705,-34.6374328
389,AU Dellepiane Luis Tte. Gral. y Larrazabal,AUTOPISTA,AUTOPISTA DELLEPIANE LUIS TTE. GRAL.,AUTOPISTA DELLEPIANE LUIS TTE. GRAL. y LARRAZABAL,8,-58.47743966,-34.67233407
390,"Paz, Gral. Av. y Peron, Eva Av.",GRAL PAZ,"PAZ, GRAL. AV.","PAZ, GRAL. AV. y PERON, EVA AV.",9,-58.5025179,-34.67450313
391,AU Perito Moreno y Reservistas Argentinos,AUTOPISTA,AUTOPISTA PERITO MORENO,AUTOPISTA PERITO MORENO y RESERVISTAS ARGENTINOS,9,-58.52144411,-34.63682499
392,Saenz Av. y Ventana,AVENIDA,SAENZ AV.,SAENZ AV. y VENTANA,4,-58.41650465,-34.65084045
393,Avda. General Paz y Cnel. Ramón Falcón,GRAL PAZ,"PAZ, GRAL. AV.","PAZ, GRAL. AV. y FALCON, RAMON L.,CNEL.",9,-58.52994219,-34.64055918
394,Av. Gral. Paz y Av. de los Constituyentes,GRAL PAZ,"PAZ, GRAL. AV.","PAZ, GRAL. AV. y DE LOS CONSTITUYENTES AV.",12,-58.50993046,-34.56919739
395,"Paz, Gral. Av. 11200",GRAL PAZ,"PAZ, GRAL. AV.","PAZ, GRAL. AV. 11200",9,-58.52844623,-34.64592873
396,"Newbery, Jorge Av. y Guevara",AVENIDA,"NEWBERY, JORGE AV.","NEWBERY, JORGE AV. y GUEVARA",15,-58.45021367,-34.58695347
397,Gaona Av. y Segurola Av.,AVENIDA,GAONA AV.,GAONA AV. y SEGUROLA AV.,10,-58.49022072,-34.62770192
398,"Madero, Eduardo Av. 550",AVENIDA,"MADERO, EDUARDO AV.","MADERO, EDUARDO AV. 550",1,-58.36860866,-34.60106568
399,"AU Arturo Illia y Castillo, Ramon S.",AUTOPISTA,AUTOPISTA ARTURO ILLIA,"AUTOPISTA ARTURO ILLIA y CASTILLO, RAMON S., PRES. AV.",2,-58.39490504,-34.57241534
400,La Plata Av. y Caseros Av.,AVENIDA,LA PLATA AV.,LA PLATA AV. y CASEROS AV.,7,-58.42349365,-34.64019887
401,Belgrano Av. y Peru,AVENIDA,BELGRANO AV.,BELGRANO AV. y PERU,1,-58.37471802,-34.61265002
402,Rivadavia Av. 7013,AVENIDA,RIVADAVIA AV.,RIVADAVIA AV. 7013,7,-58.46438789,-34.62913916
403,Adolfo Alsina y Santiago del Estero,CALLE,"ALSINA, ADOLFO","ALSINA, ADOLFO y SANTIAGO DEL ESTERO",1,-58.38481975,-34.61100424
404,Bermudez 1893,CALLE,BERMUDEZ,BERMUDEZ 1893,10,-58.50751833,-34.62073702
405,Santander 1974,CALLE,SANTANDER,SANTANDER 1974,7,-58.44682986,-34.63888084
406,Julieta Lanteri 1400,CALLE,LANTERI JULIETA,LANTERI JULIETA 1400,1,-58.3600465,-34.61381341
407,Maza y Av. Independencia,AVENIDA,MAZA,MAZA e INDEPENDENCIA AV.,5,-58.41509546,-34.62085945
408,"PAZ, GRAL. AV. 5172",GRAL PAZ,"PAZ, GRAL. AV.","PAZ, GRAL. AV. 5172",12,-58.50997604,-34.57251072
409,"Olivera Av. y Alberdi, Juan Bautista Av.",AVENIDA,OLIVERA AV.,"OLIVERA AV. y ALBERDI, JUAN BAUTISTA AV.",10,-58.48606475,-34.64047818
410,"CASTILLO, RAMON S., PRES. AV. Y CALLE 12",AVENIDA,"CASTILLO, RAMON S., PRES. AV.","CASTILLO, RAMON S., PRES. AV. y CALLE 12 (NO OFICIAL)",2,-58.38526125,-34.5780581
411,"CASTAÑARES AV. Y MORENO, PERITO AV.",AVENIDA,CASTA?ARES AV.,"CASTAÑARES AV. y MORENO, PERITO AV.",7,-58.45463662,-34.65082149
412,SAN MARTIN AV. Y TERRADA,AVENIDA,SAN MARTIN AV.,SAN MARTIN AV. y TERRADA,15,-58.49121672,-34.59718073
413,"PERON, EVA AV. Y MEDINA",AVENIDA,"PERON, EVA AV.","PERON, EVA AV. y MEDINA",9,-58.47325712,-34.65284605
414,"JUSTO, JUAN B. AV. Y ALVAREZ JONTE AV.",AVENIDA,"JUSTO, JUAN B. AV.","JUSTO, JUAN B. AV. y ALVAREZ JONTE AV.",10,-58.52108101,-34.63382309
415,"OBLIGADO RAFAEL, AV. COSTANERA 4650",AVENIDA,"OBLIGADO RAFAEL, AV.COSTANERA","OBLIGADO RAFAEL, AV.COSTANERA 4650",14,-58.41652702,-34.55509606
416,"MITRE, BARTOLOME Y YATAY",CALLE,"MITRE, BARTOLOME","MITRE, BARTOLOME y YATAY",5,-58.42891604,-34.6107166
417,"PAZ, GRAL. AV. 16080",GRAL PAZ,"PAZ, GRAL. AV.","PAZ, GRAL. AV. 16080",8,-58.47802293,-34.69156793
418,CHACABUCO Y SAN JUAN AV.,AVENIDA,CHACABUCO,CHACABUCO y SAN JUAN AV.,1,-58.37564821,-34.62200207
419,DEL LIBERTADOR AV. 4100,AVENIDA,DEL LIBERTADOR AV.,DEL LIBERTADOR AV. 4100,14,-58.42668489,-34.56961468
420,"PAZ, GRAL. AV. Y ALBERDI, JUAN BAUTISTA AV.",GRAL PAZ,"PAZ, GRAL. AV.","PAZ, GRAL. AV. y ALBERDI, JUAN BAUTISTA AV.",9,-58.5183993,-34.66252488
421,"CASTAÑARES AV. Y GORDILLO, TIMOTEO",AVENIDA,CASTA?ARES AV.,"CASTAÑARES AV. y GORDILLO, TIMOTEO",8,-58.48432691,-34.67665828
422,SALVIGNY Y MOM,CALLE,SALVIGNY,SALVIGNY y MOM,7,-58.4338383,-34.64457699
423,"LAMARCA, EMILIO 5402",CALLE,"LAMARCA, EMILIO","LAMARCA, EMILIO 5402",11,-58.51664939,-34.58657938
424,SAN MARTIN AV. 5638,AVENIDA,SAN MARTIN AV.,SAN MARTIN AV. 5638,11,-58.49613012,-34.59703502
425,"CARRILLO, RAMON, DR. Y FINOCHIETTO ENRIQUE DR.",CALLE,"CARRILLO, RAMON, DR.","CARRILLO, RAMON, DR. y FINOCHIETTO ENRIQUE DR.",4,-58.38313603,-34.63356284
426,MEXICO Y PICHINCHA,CALLE,MEXICO,MEXICO y PICHINCHA,3,-58.39914719,-34.61632317
427,"CANTILO, INT. Y UDAONDO, GUILLERMO AV.",AUTOPISTA,"CANTILO, INT.","CANTILO, INT. y UDAONDO, GUILLERMO AV.",13,-58.44927253,-34.54048625
428,DEL LIBERTADOR AV. 6326,AVENIDA,DEL LIBERTADOR AV.,DEL LIBERTADOR AV. 6326,13,-58.45049163,-34.55374003
429,CHICLANA AV. 3444,AVENIDA,CHICLANA AV.,CHICLANA AV. 3444,5,-58.41288952,-34.63572989
430,BOYACA AV. Y YERBAL,AVENIDA,BOYACA AV.,BOYACA AV. y YERBAL,7,-58.45743597,-34.62561234
431,ENTRE RIOS AV. BAJO PUENTE AUTOPISTA (1260 APROX),AVENIDA,ENTRE RIOS AV.,ENTRE RIOS AV. 1260,1,-58.39123782,-34.62352245
432,"PAZ, GRAL. AV. Y JACQUES, AMADEO",GRAL PAZ,"PAZ, GRAL. AV.","PAZ, GRAL. AV. y JACQUES, AMADEO",9,-58.52922765,-34.63637963
433,ANTARTIDA ARGENTINA AV. 1325,AVENIDA,ANTARTIDA ARGENTINA AV.,ANTARTIDA ARGENTINA AV. 1325,1,-58.37208118,-34.58541957
434,"MITRE, BARTOLOME Y SANCHEZ DE BUSTAMANTE",CALLE,"MITRE, BARTOLOME","MITRE, BARTOLOME y SANCHEZ DE BUSTAMANTE",5,-58.41458534,-34.60937557
435,"FERNANDEZ DE LA CRUZ, F. , GRAL. AV. Y LARRAZABAL",AVENIDA,"FERNANDEZ DE LA CRUZ, F., GRAL. AV.","FERNANDEZ DE LA CRUZ, F., GRAL. AV. y PAZ, GRAL. AV.",8,-58.47976785,-34.69153196
436,SANTA FE AV. Y AZCUENAGA,AVENIDA,SANTA FE AV.,SANTA FE AV. y AZCUENAGA,2,-58.39990285,-34.59511714
437,"JUSTO, JUAN B. AV. y OROÑO, NICASIO",AVENIDA,"JUSTO, JUAN B. AV.","JUSTO, JUAN B. AV. y OROÑO, NICASIO",11,-58.46051346,-34.60588536
438,"FERNANDEZ DE LA CRUZ, F. , GRAL. AV. Y LACARRA AV.",AVENIDA,"FERNANDEZ DE LA CRUZ, F., GRAL. AV.","FERNANDEZ DE LA CRUZ, F., GRAL. AV. y PAZ, GRAL. AV.",8,-58.47976785,-34.69153196
439,"ALVAREZ, DONATO, TTE. GRAL. Y YERBAL",CALLE,"ALVAREZ, DONATO, TTE. GRAL.","ALVAREZ, DONATO, TTE. GRAL. y YERBAL",7,-58.45457546,-34.62447891
440,"CORDOBA AV. Y MADERO, EDUARDO AV.",AVENIDA,CORDOBA AV.,"CORDOBA AV. y MADERO, EDUARDO AV.",1,-58.36951669,-34.59832047
441,"CAMARONES Y ALVAREZ, DONATO, TTE. GRAL. AV.",AVENIDA,CAMARONES,"CAMARONES y ALVAREZ, DONATO, TTE. GRAL. AV.",11,-58.46415322,-34.6044379
442,"AUTOPISTA 25 DE MAYO Y HUERGO, ING. AV.",AUTOPISTA,AUTOPISTA 25 DE MAYO,"AUTOPISTA 25 DE MAYO y HUERGO, ING. AV.",1,-58.36607137,-34.62150748
443,"MORENO, PERITO AV. 3050",AVENIDA,"MORENO, PERITO AV.","MORENO, PERITO AV. 3050",7,-58.45537373,-34.65093074
444,SUIPACHA 665,CALLE,SUIPACHA,SUIPACHA 665,1,-58.37942637,-34.60053054
445,RIGLOS Y FORMOSA,CALLE,RIGLOS,RIGLOS y FORMOSA,6,-58.4368044,-34.62147504
446,LA RIOJA E INDEPENDENCIA AV.,AVENIDA,LA RIOJA,LA RIOJA e INDEPENDENCIA AV.,3,-58.40778291,-34.61971907
447,"UDAONDO, GUILLERMO AV. Y FIGUEROA ALCORTA, PRES. AV.",AVENIDA,"UDAONDO, GUILLERMO AV.","UDAONDO, GUILLERMO AV. y FIGUEROA ALCORTA, PRES. AV.",13,-58.45212523,-34.54628513
448,SAN PEDRITO AV. Y DIRECTORIO AV.,AVENIDA,SAN PEDRITO AV.,SAN PEDRITO AV. y DIRECTORIO AV.,7,-58.46749188,-34.63551751
449,PUAN Y SANTANDER,CALLE,PUAN,PUAN y SANTANDER,7,-58.4426358,-34.63679732
450,"ALBERDI, JUAN BAUTISTA AV. Y ANDALGALA",AVENIDA,"ALBERDI, JUAN BAUTISTA AV.","ALBERDI, JUAN BAUTISTA AV. y ANDALGALA",9,-58.51140289,-34.65846419
451,LIMA Y CONSTITUCION,CALLE,LIMA,LIMA y CONSTITUCION,1,-58.38211431,-34.62465368
452,BOEDO AV. 650,AVENIDA,BOEDO AV.,BOEDO AV. 650,5,-58.41635217,-34.62036547
453,DEL LIBERTADOR AV. Y REPUBLICA DE LA INDIA,AVENIDA,DEL LIBERTADOR AV.,DEL LIBERTADOR AV. y REPUBLICA DE LA INDIA,14,-58.41316147,-34.57579669
454,GRAL PAZ Y CABILDO,GRAL PAZ,"PAZ, GRAL. AV.","PAZ, GRAL. AV. y CABILDO AV.",13,-58.47617802,-34.53825652
455,CASEROS AV. 1700,AVENIDA,CASEROS AV.,CASEROS AV. 1700,4,-58.38641783,-34.63330028
456,AVELLANEDA AV. 1548,AVENIDA,AVELLANEDA AV.,AVELLANEDA AV. 1548,6,-58.45322169,-34.62038137
457,CIUDAD DE LA PAZ Y MENDOZA,CALLE,CIUDAD DE LA PAZ,CIUDAD DE LA PAZ y MENDOZA,13,-58.45849057,-34.56166498
458,"SALGUERO, JERONIMO Y HONDURAS AV.",AVENIDA,"SALGUERO, JERONIMO","SALGUERO, JERONIMO y HONDURAS AV.",14,-58.41829559,-34.59411677
459,"FILIBERTO, JUAN DE DIOS Y OLAVARRIA",CALLE,"FILIBERTO, JUAN DE DIOS","FILIBERTO, JUAN DE DIOS y OLAVARRIA",4,-58.36376488,-34.63832093
460,ASTURIAS AV. Y CASTAÑARES AV.,AVENIDA,ASTURIAS AV.,ASTURIAS AV. y CASTAÑARES AV.,8,-58.46442668,-34.66004784
461,GANDARA 2976,CALLE,GANDARA,GANDARA 2976,15,-58.48222035,-34.58428769
462,"GUEVARA, TRINIDAD Y MADERO, EDUARDO AV.",AVENIDA,"GUEVARA, TRINIDAD","GUEVARA, TRINIDAD y MADERO, EDUARDO AV.",1,-58.36819005,-34.60283208
463,BOYACA AV. 305,AVENIDA,BOYACA AV.,BOYACA AV. 305,7,-58.45877601,-34.62330939
464,ARTILLEROS Y LA PAMPA,CALLE,ARTILLEROS,ARTILLEROS y LA PAMPA,13,-58.44196498,-34.55760517
465,AUTOPISTA PERITO MORENO ALTURA PASO A NIVEL DE IRIGOYEN,AUTOPISTA,AUTOPISTA PERITO MORENO,AUTOPISTA PERITO MORENO e IRIGOYEN,10,-58.50622631,-34.63627822
466,15 DE NOVIEMBRE DE 1889 Y SANTIAGO DEL ESTERO,CALLE,15 DE NOVIEMBRE DE 1889,15 DE NOVIEMBRE DE 1889 y SANTIAGO DEL ESTERO,1,-58.3841088,-34.63099197
467,"ACOSTA, MARIANO AV. Y FALCON, RAMON L., CNEL.",AVENIDA,"ACOSTA, MARIANO AV.","ACOSTA, MARIANO AV. y FALCON, RAMON L.,CNEL.",10,-58.48100602,-34.63504312
468,11 DE SEPTIEMBRE DE 1888 Y MENDOZA,CALLE,11 DE SEPTIEMBRE DE 1888,11 DE SEPTIEMBRE DE 1888 y MENDOZA,13,-58.45200171,-34.5578132
469,"PINO, VIRREY DEL Y CAMPOS, LUIS M. AV.",AVENIDA,"PINO, VIRREY DEL","PINO, VIRREY DEL y CAMPOS, LUIS M. AV.",13,-58.44462132,-34.56201105
470,FOREST AV. Y MAURE,AVENIDA,FOREST AV.,FOREST AV. y MAURE,15,-58.45220688,-34.58711712
471,"BOYACA AV. Y AVELLANEDA AV,",AVENIDA,BOYACA AV.,BOYACA AV. y AVELLANEDA AV.,7,-58.4596221,-34.6224514
472,BARCO CENTENERA DEL Y TILCARA,CALLE,BARCO CENTENERA DEL,BARCO CENTENERA DEL y TILCARA,4,-58.4197085,-34.65414867
473,RIESTRA AV. Y BOLIVAR,AVENIDA,RIESTRA AV.,RIESTRA AV. y BOLIVAR (NO OFICIAL),7,-58.44187596,-34.64938031
474,"CASTRO, EMILIO 4706",CALLE,"CASTRO, EMILIO","CASTRO, EMILIO 4706",10,-58.49101637,-34.64276621
475,27 DE FEBRERO AV. 5600,AVENIDA,27 DE FEBRERO AV.,27 DE FEBRERO AV. 5600,8,-58.42493829,-34.66256502
476,"GARAY, JUAN DE AV. 2874",AVENIDA,"GARAY, JUAN DE AV.","GARAY, JUAN DE AV. 2874",4,-58.40489318,-34.62930162
477,"SCALABRINI ORTIZ, RAUL AV. y GORRITI",AVENIDA,"SCALABRINI ORTIZ, RAUL AV.","SCALABRINI ORTIZ, RAUL AV. y GORRITI",14,-58.4268668,-34.59217875
478,PRIMERA JUNTA Y OLIVERA AV.,AVENIDA,PRIMERA JUNTA,PRIMERA JUNTA y OLIVERA AV.,9,-58.479611,-34.65620398
479,"ALBERDI, JUAN BAUTISTA AV. Y AZUL",AVENIDA,"ALBERDI, JUAN BAUTISTA AV.","ALBERDI, JUAN BAUTISTA AV. y AZUL",10,-58.47439934,-34.63524207
480,ALVAREZ THOMAS AV. 1788,AVENIDA,ALVAREZ THOMAS AV.,ALVAREZ THOMAS AV. 1788,15,-58.46711912,-34.57926018
481,"LUGONES, LEOPOLDO AV. Y PAZ, GRAL. AV.",AUTOPISTA,"LUGONES, LEOPOLDO AV.","LUGONES, LEOPOLDO AV. y PAZ, GRAL. AV.",13,-58.46514781,-34.53465378
482,SAN ANTONIO Y LUJAN,CALLE,SAN ANTONIO,SAN ANTONIO y LUJAN,4,-58.37571078,-34.65584079
483,AUTOPISTA 1 SUR PRESIDENTE ARTURO FRONDIZI ALTURA DON PEDRO DE MENDOZA AV.,AUTOPISTA,AUTOPISTA 1 SUR PRESIDENTE ARTURO FRONDIZI,AUTOPISTA 1 SUR PRESIDENTE ARTURO FRONDIZI y DON PEDRO DE MENDOZA AV.,4,-58.37157668,-34.65429986
484,"FIGUEROA ALCORTA, PRES. AV. Y TAGLE",AVENIDA,"FIGUEROA ALCORTA, PRES. AV.","FIGUEROA ALCORTA, PRES. AV. y TAGLE",14,-58.39811256,-34.58070186
485,"EINSTEIN, ALBERTO Y ALCORTA, AMANCIO AV.",AVENIDA,"EINSTEIN, ALBERTO","EINSTEIN, ALBERTO y ALCORTA, AMANCIO AV.",4,-58.41125934,-34.6541774
486,AGRELO Y COLOMBRES,CALLE,AGRELO,AGRELO y COLOMBRES,5,-58.41822901,-34.61866836
487,"CABILDO AV. y PAZ, GRAL. AV.",GRAL PAZ,CABILDO AV.,"CABILDO AV. y PAZ, GRAL. AV.",13,-58.47617802,-34.53825652
488,ELCANO AV. 4300,AVENIDA,ELCANO AV.,ELCANO AV. 4300,15,-58.46141281,-34.58623761
489,"RABANAL, FRANCISCO, INTENDENTE AV. 2428",AVENIDA,"RABANAL, FRANCISCO, INTENDENTE AV.","RABANAL, FRANCISCO, INTENDENTE AV. 2428",8,-58.42985146,-34.6611974
490,MONTE Y CORVALAN,CALLE,MONTE,MONTE y CORVALAN,9,-58.48457413,-34.6583909
491,TANDIL Y LA FUENTE,CALLE,TANDIL,TANDIL y LAFUENTE,7,-58.46572884,-34.63628186
492,CARDOSO Y BACACAY,CALLE,CARDOSO,CARDOSO y BACACAY,10,-58.49261744,-34.6341913
493,CORRIENTES AV. 6700,AVENIDA,CORRIENTES AV.,CORRIENTES AV. 6700,15,-58.45283186,-34.5884156
494,ALVAREZ THOMAS AV. Y MENDOZA,AVENIDA,ALVAREZ THOMAS AV.,ALVAREZ THOMAS AV. y MENDOZA,12,-58.47973681,-34.57418656
495,"ALCORTA, AMANCIO AV. Y BONAVENA, OSCAR NATALIO",AVENIDA,"ALCORTA, AMANCIO AV.","ALCORTA, AMANCIO AV. y BONAVENA, OSCAR NATALIO",4,-58.40623949,-34.65076549
496,"BROWN, ALTE. AV. Y BLANES, JUAN MANUEL",AVENIDA,"BROWN, ALTE. AV.","BROWN, ALTE. AV. y BLANES, JUAN MANUEL",4,-58.36244648,-34.63107887
497,"ALBERDI, JUAN BAUTISTA AV. 5455",AVENIDA,"ALBERDI, JUAN BAUTISTA AV.","ALBERDI, JUAN BAUTISTA AV. 5455",9,-58.49962423,-34.64868027
498,"JUSTO, JUAN B. AV. Y CAMARGO",AVENIDA,"JUSTO, JUAN B. AV.","JUSTO, JUAN B. AV. y CAMARGO",15,-58.44551437,-34.59559816
499,"BRIN, MINISTRO Y SUAREZ",CALLE,"BRIN, MINISTRO","BRIN, MINISTRO y SUAREZ",4,-58.35608181,-34.63420319
500,"NIZA Y JUSTO, JUAN B. AV.",AVENIDA,NIZA,"NIZA y JUSTO, JUAN B. AV.",11,-58.46483679,-34.60907662
501,CAMARGO Y SERRANO,CALLE,CAMARGO,CAMARGO y SERRANO,15,-58.44368628,-34.59724326
502,AUTOPISTA 1 SUR PRESIDENTE ARTURO FRONDIZI ALTURA CASEROS AV.,AUTOPISTA,AUTOPISTA 1 SUR PRESIDENTE ARTURO FRONDIZI,AUTOPISTA 1 SUR PRESIDENTE ARTURO FRONDIZI y CASEROS AV.,1,-58.37864583,-34.62907067
503,CASEROS AV. Y PIEDRAS,AVENIDA,CASEROS AV.,CASEROS AV. y PIEDRAS,1,-58.37560352,-34.62726382
504,"AUTOPISTA PERITO MORENO KM 5,6",AUTOPISTA,AUTOPISTA PERITO MORENO,AUTOPISTA PERITO MORENO KM. 5.6,9,-58.47721439,-34.64815069
505,GUZMAN 365,AVENIDA,GUZMAN,GUZMAN 365,15,-58.45134029,-34.58984288
506,de los constituyentes av. 4300,AVENIDA,DE LOS CONSTITUYENTES AV.,DE LOS CONSTITUYENTES AV. 4300,12,-58.49040794,-34.58368803
507,"MORENO, PERITO AV. Y TILCARA AV.",AVENIDA,"MORENO, PERITO AV.","MORENO, PERITO AV. y TILCARA AV.",4,-58.42102679,-34.64991178
508,"IBARROLA Y GORDILLO, TIMOTEO",CALLE,IBARROLA,"IBARROLA y GORDILLO, TIMOTEO",9,-58.52219407,-34.64143926
509,"PAZ, GRAL. AV. Y GRIVEO",GRAL PAZ,"PAZ, GRAL. AV.","PAZ, GRAL. AV. y GRIVEO",11,-58.52169422,-34.5947164
510,RIVADAVIA AV. Y PERGAMINO,AVENIDA,RIVADAVIA AV.,RIVADAVIA AV. y PERGAMINO,10,-58.47460416,-34.63206174
511,SANTO TOME Y SEGUROLA AV.,AVENIDA,SANTO TOME,SANTO TOME y SEGUROLA AV.,10,-58.50512382,-34.61520391
512,URIARTE Y LOYOLA,CALLE,URIARTE,URIARTE y LOYOLA,15,-58.43910409,-34.59213355
513,SARAZA Y VARELA AV.,AVENIDA,SARAZA,SARAZA y VARELA AV.,7,-58.45019436,-34.64646409
514,RIVADAVIA AV. Y COMBATE DE LOS POZOS,AVENIDA,RIVADAVIA AV.,RIVADAVIA AV. y COMBATE DE LOS POZOS,3,-58.39337644,-34.60927582
515,RODRIGUEZ PEÑA Y RIVADAVIA AV.,AVENIDA,RODRIGUEZ PE?A,RODRIGUEZ PEÑA y RIVADAVIA AV.,1,-58.39055614,-34.60919284
516,24 DE NOVIEMBRE Y SAN JUAN AV.,AVENIDA,24 DE NOVIEMBRE,24 DE NOVIEMBRE y SAN JUAN AV.,3,-58.41036975,-34.62477021
517,LAFUENTE AV. 2250,AVENIDA,LAFUENTE AV.,LAFUENTE AV. 2250,8,-58.44925765,-34.65412546
518,CHILE Y LIMA ,CALLE,CHILE,CHILE y LIMA,1,-58.3815685,-34.61648696
519,CORDOBA AV. Y JEAN JAURES,AVENIDA,CORDOBA AV.,"CORDOBA AV. y JAURES, JEAN",2,-58.40662899,-34.59804521
520,"PERON, JUAN DOMINGO, TTE. GENERAL Y SALGUERO, JERONIMO",CALLE,"PERON, JUAN DOMINGO, TTE. GENERAL","PERON, JUAN DOMINGO, TTE. GENERAL y SALGUERO, JERONIMO",5,-58.41985649,-34.6060085
521,9 DE JULIO AV. Y SAN JUAN AV.,AVENIDA,9 DE JULIO AV.,9 DE JULIO AV. y SAN JUAN AV.,1,-58.38099833,-34.62214953
522,COLOMBRES 466,CALLE,COLOMBRES,COLOMBRES 466,5,-58.41803309,-34.61823178
523,MEXICO 2860,CALLE,MEXICO,MEXICO 2860,3,-58.40604003,-34.61783553
524,COMBATIENTES DE MALVINAS AV. Y TRIUNVITARO AV.,AVENIDA,COMBATIENTES DE MALVINAS AV.,COMBATIENTES DE MALVINAS AV. y TRIUNVIRATO AV.,15,-58.47549929,-34.57994061
525,BERMUDEZ Y NOGOYA,CALLE,BERMUDEZ,BERMUDEZ y NOGOYA,11,-58.51398484,-34.61600366
526,BRASIL AV. Y PASEO COLON AV.,AVENIDA,BRASIL AV.,BRASIL AV. y PASEO COLON AV.,1,-58.36797542,-34.62519403
527,"ALEM,LEANDRO N. AV. 770",AVENIDA,"ALEM, LEANDRO N. AV.","ALEM, LEANDRO N. AV. 770",1,-58.37133616,-34.59879316
528,BELGRANO AV. Y RINCON,AVENIDA,BELGRANO AV.,BELGRANO AV. y RINCON,3,-58.39613805,-34.61413568
529,"UDAONDO, GUILLERMO AV. 901",AVENIDA,"UDAONDO, GUILLERMO AV.","UDAONDO, GUILLERMO AV. 901",13,-58.44903073,-34.54200276
530,CONSTITUCION Y CASTRO,CALLE,CONSTITUCION,CONSTITUCION y CASTRO,5,-58.41972364,-34.6284667
531,"PUEYRREDON AV. Y GOMEZ, VALENTIN",AVENIDA,PUEYRREDON AV.,"PUEYRREDON AV. y GOMEZ, VALENTIN",3,-58.40571596,-34.60557123
532,"BRAVO, MARIO 1279",CALLE,"BRAVO, MARIO","BRAVO, MARIO 1279",2,-58.4145159,-34.59488319
533,"DELLEPIANE, LUIS, TTE. GRAL. Y ESCALADA AV.",AUTOPISTA,AUTOPISTA DELLEPIANE LUIS TTE. GRAL.,AUTOPISTA DELLEPIANE LUIS TTE. GRAL. y ESCALADA AV.,9,-58.47297505,-34.66245085
534,"ARAOZ DE LAMADRID, GREGORIO, GRAL. Y BROWN, ALTE. AV.",AVENIDA,"ARAOZ DE LAMADRID, GREGORIO, GRAL.","ARAOZ DE LAMADRID, GREGORIO, GRAL. y BROWN, ALTE. AV.",4,-58.35791192,-34.63695178
535,MURGUIONDO 1339,CALLE,MURGUIONDO,MURGUIONDO 1339,9,-58.50801713,-34.65177305
536,RIVADAVIA AV. 2551,AVENIDA,RIVADAVIA AV.,RIVADAVIA AV. 2551,3,-58.40258477,-34.60975108
537,"LUGONES, LEOPOLDO AV. KM 6,1",AUTOPISTA,"LUGONES, LEOPOLDO AV.","LUGONES, LEOPOLDO AV. KM 6,1",14,,
538,"DELLEPIANE, LUIS, TTE. GRAL. Y MONTIEL",AVENIDA,"DELLEPIANE, LUIS, TTE. GRAL.","DELLEPIANE, LUIS, TTE. GRAL. y MONTIEL",8,-58.48267426,-34.68454456
539,"SCALABRINI ORTIZ, RAUL AV. Y WARNES AV.",AVENIDA,"SCALABRINI ORTIZ, RAUL AV.","SCALABRINI ORTIZ, RAUL AV. y WARNES AV.",15,-58.44248936,-34.60221948
540,"PAZ, GRAL. AV. y ROFFO, ANGEL H., DR.",GRAL PAZ,"PAZ, GRAL. AV.","PAZ, GRAL. AV. y ROFFO, ANGEL H., DR.",9,-58.52909134,-34.63886726
541,SAN MARTIN AV. 1550,AVENIDA,SAN MARTIN AV.,SAN MARTIN AV. 1550,6,-58.45158942,-34.6064658
542,"GARZON, EUGENIO, GRAL. AV. y LARRAYA",AVENIDA,"GARZON, EUGENIO, GRAL. AV.","GARZON, EUGENIO, GRAL. AV. y LARRAYA",9,-58.49344309,-34.65788529
543,CORRIENTES AV. Y SERRANO,AVENIDA,CORRIENTES AV.,CORRIENTES AV. y SERRANO,15,-58.44259166,-34.59635137
544,"PAZ, GRAL. AV. Y DEL LIBERTADOR AV.",GRAL PAZ,"PAZ, GRAL. AV.","PAZ, GRAL. AV. y DEL LIBERTADOR AV.",13,-58.46743471,-34.53476874
545,"MITRE, BARTOLOME Y ANCHORENA, TOMAS MANUEL DE, DR.",CALLE,"MITRE, BARTOLOME","MITRE, BARTOLOME y ANCHORENA, TOMAS MANUEL DE, DR.",3,-58.41178158,-34.60922259
546,"AU 25 DE MAYO ALTURA PUMACAHUA Y RECUERO, CASIMIRO, TTE. CNEL.",AUTOPISTA,AUTOPISTA 25 DE MAYO,AUTOPISTA 25 DE MAYO y PUMACAHUA,7,-58.45068621,-34.63638927
547,"SCALABRINI ORTIZ, RAUL AV. Y PARAGUAY",AVENIDA,"SCALABRINI ORTIZ, RAUL AV.","SCALABRINI ORTIZ, RAUL AV. y PARAGUAY",14,-58.42016954,-34.5877879
548,"FERNANDEZ DE LA CRUZ, F., GRAL. AV. Y VARELA AV.",AVENIDA,"FERNANDEZ DE LA CRUZ, F., GRAL. AV.","FERNANDEZ DE LA CRUZ, F., GRAL. AV. y VARELA AV.",8,-58.43850413,-34.65554754
549,"LAS HERAS GENERAL AV. Y DIAZ, CNEL. AV.",AVENIDA,LAS HERAS GENERAL AV.,"LAS HERAS GENERAL AV. y DIAZ, CNEL. AV.",14,-58.40617526,-34.58345898
550,MURGUIONDO 2700,CALLE,MURGUIONDO,MURGUIONDO,9,,
551,"CURAPALIGUE Y PERON, EVA AV.",AVENIDA,CURAPALIGUE,"CURAPALIGUE y PERON, EVA AV.",7,-58.4475047,-34.63491705
552,"DIAZ, ANA Y SOLDADO DE LA FRONTERA AV.",AVENIDA,"DIAZ, ANA","DIAZ, ANA y SOLDADO DE LA FRONTERA AV.",8,-58.46745752,-34.68192648
553,"ALEM, LEANDRO N. AV. Y PARAGUAY",AVENIDA,"ALEM, LEANDRO N. AV.","ALEM, LEANDRO N. AV. y PARAGUAY",1,-58.37202621,-34.59717942
554,LA PLATA AV. E INDEPENDENCIA,AVENIDA,LA PLATA AV.,LA PLATA AV. e INDEPENDENCIA AV.,6,-58.42779702,-34.62207347
555,"PAZ, GRAL. AV. Y 27 DE FEBRERO AV.",GRAL PAZ,"PAZ, GRAL. AV.","PAZ, GRAL. AV. y 27 DE FEBRERO AV.",8,-58.46244952,-34.70524971
556,"NAZCA AV. Y CARRANZA, ADOLFO P.",AVENIDA,NAZCA AV.,"NAZCA AV. y CARRANZA, ADOLFO P.",11,-58.4844016,-34.60776782
557,AUTOPISTA CAMPORA ALTURA LACARRA AV.,AUTOPISTA,AUTOPISTA PRESIDENTE HECTOR J. CAMPORA,AUTOPISTA PRESIDENTE HÉCTOR J. CÁMPORA y LACARRA AV.,9,-58.46668375,-34.65174801
558,DORREGO AV. 614,AVENIDA,DORREGO AV.,DORREGO AV. 614,15,-58.4495878,-34.59322448
559,"DEL LIBERTADOR AV. Y RAMOS MEJIA, JOSE MARIA, DR. AV.",AVENIDA,DEL LIBERTADOR AV.,"DEL LIBERTADOR AV. y RAMOS MEJIA, JOSE MARIA, DR. AV.",1,-58.37533517,-34.59276462
560,SANTA FE AV. Y GODOY CRUZ,AVENIDA,SANTA FE AV.,SANTA FE AV. y GODOY CRUZ,14,-58.42525456,-34.57866344
561,AVELLANEDA AV. Y MERCEDES,AVENIDA,AVELLANEDA AV.,AVELLANEDA AV. y MERCEDES,10,-58.48493828,-34.62981124
562,TUCUMAN Y PUEYRREDON AV.,AVENIDA,TUCUMAN,TUCUMAN y PUEYRREDON AV.,3,-58.40480504,-34.60183884
563,"ALCORTA, AMANCIO AV. Y EINSTEIN, ALBERTO",AVENIDA,"ALCORTA, AMANCIO AV.","ALCORTA, AMANCIO AV. y EINSTEIN, ALBERTO",4,-58.41125934,-34.6541774
564,INCLAN Y ALBERTI,CALLE,INCLAN,INCLAN y ALBERTI,4,-58.39956546,-34.6297708
565,OLAZABAL AV. 5437,AVENIDA,OLAZABAL AV.,OLAZABAL AV. 5437,12,-58.49005682,-34.5786897
566,"PAZ, GRAL. AV. Y DOCTOR RAMON CARRILLO",GRAL PAZ,"PAZ, GRAL. AV.","PAZ, GRAL. AV. y ROCA, CNEL. AV.",8,-58.47064556,-34.69843756
567,"NAZCA AV. Y VIALE, LUIS",AVENIDA,NAZCA AV.,"NAZCA AV. y VIALE, LUIS",11,-58.4750156,-34.61945902
568,"OLIVERA AV. Y FALCON, RAMON L., CNEL.",AVENIDA,OLIVERA AV.,"OLIVERA AV. y FALCON, RAMON L.,CNEL.",10,-58.48727942,-34.63652467
569,BRASIL 1100,CALLE,BRASIL,BRASIL 1100,1,-58.3795169,-34.62794241
570,"HOMERO Y PERON, EVA AV.",AVENIDA,HOMERO,"HOMERO y PERON, EVA AV.",9,-58.47750832,-34.65672199
571,MORENO 1845,CALLE,MORENO,MORENO 1845,3,-58.39246272,-34.61253541
572,NUEVA YORK Y ALTA GRACIA,CALLE,NUEVA YORK,NUEVA YORK y ALTA GRACIA,11,-58.52783814,-34.61047001
573,"PAZ, GRAL. AV. Y GOYENECHE, ROBERTO PARQUE AV.",GRAL PAZ,"PAZ, GRAL. AV.","PAZ, GRAL. AV. y GOYENECHE, ROBERTO PARQUE AV.",12,-58.49332664,-34.54836855
574,AUTOPISTA PERITO MORENO ALTURA ESTACION DE TREN VILLA LURO,AUTOPISTA,AUTOPISTA PERITO MORENO,AUTOPISTA PERITO MORENO (ALTURA ESTACION DE TREN VILLA LURO),10,-58.50178784,-34.63593897
575,SAENZ AV. Y BEAZLEY,AVENIDA,SAENZ AV.,SAENZ AV. y BEAZLEY,4,-58.41657793,-34.65476216
576,DEL LIBERTADOR AV. Y AUSTRIA,AVENIDA,DEL LIBERTADOR AV.,DEL LIBERTADOR AV. y AUSTRIA,2,-58.39731474,-34.58307887
577,"INDEPENDENCIA AV. Y SAENZ PEÑA, LUIS, PRES.",AVENIDA,INDEPENDENCIA AV.,"INDEPENDENCIA AV. y SAENZ PEÑA, LUIS, PRES.",1,-58.38746381,-34.61790839
578,"CALLAO AV. Y LAS HERAS, GENERAL",AVENIDA,CALLAO AV.,"CALLAO AV. y LAS HERAS, GENERAL",2,-58.39189441,-34.59176378
579,"JUJUY AV. Y CARLOS, CALVO",AVENIDA,JUJUY AV.,"JUJUY AV. y CALVO, CARLOS",3,-58.40280471,-34.62113271
580,27 DE FEBRERO AV. Y ESCALADA AV.,AVENIDA,27 DE FEBRERO AV.,27 DE FEBRERO AV. y ESCALADA AV.,8,-58.44451316,-34.68475866
581,BOGOTA Y NAZCA AV.,AVENIDA,BOGOTA,BOGOTA y NAZCA AV.,7,-58.47110424,-34.62742408
582,CORRIENTES AV. Y 9 DE JULIO AV.,AVENIDA,CORRIENTES AV.,CORRIENTES AV. y 9 DE JULIO AV.,1,-58.38220928,-34.60373898
583,ALVAREZ JONTE AV. Y CHIVILCOY,AVENIDA,ALVAREZ JONTE AV.,ALVAREZ JONTE AV. y CHIVILCOY,10,-58.49794468,-34.61565025
584,SAN MARTIN AV. Y PUNTA ARENAS,AVENIDA,SAN MARTIN AV.,SAN MARTIN AV. y PUNTA ARENAS,15,-58.47220945,-34.60111373
585,BARCO CENTENERA DEL 1118,CALLE,BARCO CENTENERA DEL,BARCO CENTENERA DEL 1118,7,-58.43706741,-34.63217813
586,"PAZ, GRAL. AV. Y ACCESO NORTE - PANAMERICANA",GRAL PAZ,"PAZ, GRAL. AV.","PAZ, GRAL. AV. y GOYENECHE, ROBERTO PARQUE AV.",12,-58.49332664,-34.54836855
587,AU FRONDIZI KM. 3,AUTOPISTA,AUTOPISTA 1 SUR PRESIDENTE ARTURO FRONDIZI,AU FRONDIZI KM. 3,1,-58.37960727,-34.62622851
588,"CASTRO, EMILIO AV. Y MURGUIONDO",AVENIDA,"CASTRO, EMILIO AV.","CASTRO, EMILIO AV. y MURGUIONDO",9,-58.51061062,-34.64972472
589,"AU 25 DE MAYO KM. 3,7",AUTOPISTA,AUTOPISTA 25 DE MAYO,AUTOPISTA 25 DE MAYO KM. 3.7,7,-58.43052224,-34.62941648
590,CASEROS AV. Y GUARANI,AVENIDA,CASEROS AV.,CASEROS AV. y GUARANI,5,-58.41455544,-34.63866836
591,"PERON, EVA AV. 3800",AVENIDA,"PERON, EVA AV.","PERON, EVA AV. 3800",9,-58.46774439,-34.64730145
592,AU ILLIA y SARMIENTO AV.,AUTOPISTA,AUTOPISTA ARTURO ILLIA,AUTOPISTA ARTURO ILLIA y SARMIENTO AV.,14,-58.40786274,-34.56726817
593,DE LOS CONSTITUYENTES AV. Y GIRIBONE,AVENIDA,DE LOS CONSTITUYENTES AV.,DE LOS CONSTITUYENTES AV. y GIRIBONE,15,-58.48744301,-34.58622275
594,"SAENZ AV. Y RABANAL, FRANCISCO, INTENDENTE AV.",AVENIDA,SAENZ AV.,"SAENZ AV. y RABANAL, FRANCISCO, INTENDENTE AV.",4,-58.41657793,-34.65476216
595,PAYSANDU Y GAONA,AVENIDA,PAYSANDU,PAYSANDU y GAONA AV.,6,-58.45351111,-34.61134937
596,"PAZ, GRAL. AV. Y BALBIN, RICARDO, DR. AV. ",GRAL PAZ,"PAZ, GRAL. AV.","PAZ, GRAL. AV. y BALBIN, RICARDO, DR. AV.",12,-58.5007381,-34.5497951
597,SANTA FE AV. 1675,AVENIDA,SANTA FE AV.,SANTA FE AV. 1675,2,-58.39144148,-34.59564871
598,AU DELLEPIANE Y GUAMINI,AUTOPISTA,"DELLEPIANE, LUIS, TTE. GRAL.","DELLEPIANE, LUIS, TTE. GRAL. y GUAMINI",8,-58.48191128,-34.68385968
599,"FALCON, RAMON L., CNEL. Y OLIVERA AV.",AVENIDA,"FALCON, RAMON L.,CNEL.","FALCON, RAMON L.,CNEL. y OLIVERA AV.",10,-58.48727942,-34.63652467
600,SAN MARTIN AV. Y NOGOYA,AVENIDA,SAN MARTIN AV.,SAN MARTIN AV. y NOGOYA,15,-58.48328708,-34.59779521
601,SAN MARTIN AV. Y TINOGASTA,AVENIDA,SAN MARTIN AV.,SAN MARTIN AV. y TINOGASTA,15,-58.49018543,-34.5972499
602,"FERNANDEZ DE LA CRUZ, F., GRAL. AV. Y DE LA TORRE, LISANDRO",AVENIDA,"FERNANDEZ DE LA CRUZ, F., GRAL. AV.","FERNANDEZ DE LA CRUZ, F., GRAL. AV. y DE LA TORRE, LISANDRO",8,-58.47230127,-34.68482689
603,SALTA Y CASEROS AV.,AVENIDA,SALTA,SALTA y CASEROS AV.,1,-58.38262614,-34.63168269
604,"JAURES, JEAN Y PERON, JUAN DOMINGO, TTE. GENERAL",CALLE,"JAURES, JEAN","JAURES, JEAN y PERON, JUAN DOMINGO, TTE. GENERAL",3,-58.41047268,-34.60793518
605,"TRIUNVIRATO AV. Y LARRALDE, CRISOLOGO AV.",AVENIDA,TRIUNVIRATO AV.,"TRIUNVIRATO AV. y LARRALDE, CRISOLOGO AV.",12,-58.49659234,-34.56353635
606,POTOSI Y GASCON,CALLE,POTOSI,POTOSI y GASCON,5,-58.42462955,-34.60727189
607,"YRIGOYEN, HIPOLITO Y  24 DE NOVIEMBRE",CALLE,"YRIGOYEN, HIPOLITO","YRIGOYEN, HIPOLITO y 24 DE NOVIEMBRE",3,-58.41168345,-34.61185625
608,DEL LIBERTADOR AV. Y ROOSEVELT FRANKLIN D.,AVENIDA,DEL LIBERTADOR AV.,DEL LIBERTADOR AV. y ROOSEVELT FRANKLIN D.,13,-58.45157681,-34.55217303
609,"AU BUENOS AIRES LA PLATA  KM 4,5",AUTOPISTA,AUTOPISTA BUENOS AIRES - LA PLATA,"AU BUENOS AIRES LA PLATA  KM 4,5",4,,
610,"PERON, EVA AV. y PIEDRA BUENA AV",AVENIDA,"PERON, EVA AV.","PERON, EVA AV. y PIEDRA BUENA AV.",9,-58.49573651,-34.67006054
611,"PAZ, GRAL. AV. y DELLEPIANE, LUIS, TTE. GRAL",GRAL PAZ,"PAZ, GRAL. AV.","PAZ, GRAL. AV. y AUTOPISTA DELLEPIANE LUIS TTE. GRAL.",8,-58.48695354,-34.68795245
612,"AU FRONDIZI ALTURA QUINQUELA MARTIN, BENITO",AUTOPISTA,AUTOPISTA 1 SUR PRESIDENTE ARTURO FRONDIZI,"AUTOPISTA 1 SUR PRESIDENTE ARTURO FRONDIZI y QUINQUELA MARTIN, BENITO",4,-58.37562539,-34.64449357
613,"PAZ, GRAL. AV. y DONADO",GRAL PAZ,"PAZ, GRAL. AV.","PAZ, GRAL. AV. y DONADO",12,-58.49491054,-34.54795581
614,"COREA AV. y TORRES Y TENORIO, PRES",AVENIDA,COREA AV.,"COREA AV. y TORRES Y TENORIO, PRES.",7,-58.44147621,-34.64357704
615,"FALCON, RAMON L., CNEL. Y SAN PEDRITO AV.",AVENIDA,"FALCON, RAMON L.,CNEL.","FALCON, RAMON L.,CNEL. y SAN PEDRITO AV.",7,-58.46899119,-34.63215432
616,FINOCHIETTO ENRIQUE DR. 1623,CALLE,FINOCHIETTO ENRIQUE DR.,FINOCHIETTO ENRIQUE DR. 1623,4,-58.38685612,-34.63455776
617,9 DE JULIO AV. E INDEPENDENCIA AV.,AVENIDA,9 DE JULIO AV.,9 DE JULIO AV. e INDEPENDENCIA AV.,1,-58.38113667,-34.61765323
618,"AU CANTILO Y GUIRALDES, INT.",AUTOPISTA,"CANTILO, INT.","CANTILO, INT. y GUIRALDES, INT.",13,-58.44112678,-34.54538956
619,AU 25 DE MAYO ALTURA BAJADA BOEDO AV.,AUTOPISTA,AUTOPISTA 25 DE MAYO,AUTOPISTA 25 DE MAYO y BOEDO AV.,5,-58.41595919,-34.62743346
620,"ALCORTA, AMANCIO AV. y ZAVALETA",AVENIDA,"ALCORTA, AMANCIO AV.","ALCORTA, AMANCIO AV. y ZAVALETA",4,-58.40184094,-34.64546845
621,"JANER, ANA MARIA Y LAFUENTE AV.",AVENIDA,"JANER, ANA MARIA","JANER, ANA MARIA y LAFUENTE AV.",8,-58.44642231,-34.65679806
622,"PAZ, GRAL. AV. Y MOSCONI GENERAL AV.",GRAL PAZ,"PAZ, GRAL. AV.","PAZ, GRAL. AV. y MOSCONI GENERAL AV.",11,-58.52340614,-34.59798754
623,"MONROE Y BALBIN, RICARDO, DR. AV.",AVENIDA,MONROE,"MONROE y BALBIN, RICARDO, DR. AV.",13,-58.46649069,-34.56219075
624,"JUSTO, JUAN B. AV. Y SANTA FE AV.",AVENIDA,"JUSTO, JUAN B. AV.","JUSTO, JUAN B. AV. y SANTA FE AV.",14,-58.42653328,-34.57816791
625,"OLIDEN Y ALBERDI, JUAN BAUTISTA AV.",AVENIDA,OLIDEN,"OLIDEN y ALBERDI, JUAN BAUTISTA AV.",9,-58.50407099,-34.65303372
626,DEL LIBERTADOR AV. Y CASARES AV.,AVENIDA,DEL LIBERTADOR AV.,DEL LIBERTADOR AV. y CASARES AV.,14,-58.40986646,-34.5772806
627,RIVADAVIA AV. 10900,AVENIDA,RIVADAVIA AV.,RIVADAVIA AV. 10900,9,-58.51739138,-34.63931792
628,"ALBERDI, JUAN BAUTISTA AV. Y PILAR",AVENIDA,"ALBERDI, JUAN BAUTISTA AV.","ALBERDI, JUAN BAUTISTA AV. y PILAR",9,-58.50719962,-34.65556223
629,"PERON, EVA AV. Y ACOSTA, MARIANO",AVENIDA,"PERON, EVA AV.","PERON, EVA AV. y ACOSTA, MARIANO",9,-58.46712311,-34.64600222
630,AU FRONDIZI Y SUAREZ AV.,AUTOPISTA,AUTOPISTA 1 SUR PRESIDENTE ARTURO FRONDIZI,AUTOPISTA 1 SUR PRESIDENTE ARTURO FRONDIZI y SUAREZ AV.,4,-58.37709334,-34.64035082
631,EL CANO AV. Y GUZMAN AV.,AVENIDA,ELCANO AV.,ELCANO AV. y GUZMAN AV.,15,-58.46033141,-34.58569883
632,"VEDIA, AGUSTIN DE Y RABANAL, FRANCISCO, INTENDENTE AV.",AVENIDA,"VEDIA, AGUSTIN DE","VEDIA, AGUSTIN DE y RABANAL, FRANCISCO, INTENDENTE AV.",4,-58.42190745,-34.65633192
633,CAPDEVILLA Y CONGRESO AV.,AVENIDA,CAPDEVILA,CAPDEVILA y CONGRESO AV.,12,-58.49026573,-34.5698141
634,"FERNANDEZ DE LA CRUZ, F., GRAL. AV. 4000",AVENIDA,"FERNANDEZ DE LA CRUZ, F., GRAL. AV.","FERNANDEZ DE LA CRUZ, F., GRAL. AV. 4000",8,-58.45410344,-34.66902702
635,DEL LIBERTADOR AV. 5958,AVENIDA,DEL LIBERTADOR AV.,DEL LIBERTADOR AV. 5958,13,-58.44751621,-34.55719892
636,27 DE FEBRERO AV. Y EREZCANO AV.,AVENIDA,27 DE FEBRERO AV.,27 DE FEBRERO AV. y EREZCANO AV.,4,-58.42040352,-34.66005171
637,"PAZ, GRAL. AV. 14723",GRAL PAZ,"PAZ, GRAL. AV.","PAZ, GRAL. AV. 14723",8,-58.49530249,-34.68010798
638,CORRIENTES AV. 5783,AVENIDA,CORRIENTES AV.,CORRIENTES AV. 5783,15,-58.44399875,-34.5947736
639,TABARE Y EREZCANO,CALLE,TABARE,TABARE y EREZCANO,4,-58.42759813,-34.65463857
640,CORRIENTES AV. Y PUEYRREDOR AV.,AVENIDA,CORRIENTES AV.,CORRIENTES AV. y PUEYRREDON AV.,3,-58.40547222,-34.60456293
641,"CORRALES Y MORENO, PERITO AV.",AVENIDA,CORRALES,"CORRALES y MORENO, PERITO AV.",4,-58.42473018,-34.6500828
642,"AU ILLIA KM 3.2, ALTURA CABINAS DE PEAJE",AUTOPISTA,AUTOPISTA ARTURO ILLIA,AUTOPISTA  ARTURO ILLIA (CABINA DE PEAJE),2,-58.39257023,-34.57563957
643,AV. GRAL. PAZ Y VEDIA,GRAL PAZ,"PAZ, GRAL. AV.","PAZ, GRAL. AV. y VEDIA",12,-58.48941042,-34.54596153
644,"GARAY, JUAN DE AV. 2269",AVENIDA,"GARAY, JUAN DE AV.","GARAY, JUAN DE AV. 2269",3,-58.3964074,-34.62783085
645,"SALGUERO, JERONIMO Y RIVADAVIA AV.",AVENIDA,"SALGUERO, JERONIMO","SALGUERO, JERONIMO y RIVADAVIA AV.",5,-58.41971993,-34.6111224
646,"MORENO, PERITO AV. Y ALCORTA, AMANCIO AV.",AVENIDA,"MORENO, PERITO AV.","MORENO, PERITO AV. y ALCORTA, AMANCIO AV.",4,-58.40544588,-34.65012801
647,LA PLATA AV. 2723,AVENIDA,LA PLATA AV.,LA PLATA AV. 2723,4,-58.42003882,-34.64645957
648,"ALBERDI, JUAN BAUTISTA AV. 2906",AVENIDA,"ALBERDI, JUAN BAUTISTA AV.","ALBERDI, JUAN BAUTISTA AV. 2906",7,-58.46851293,-34.63348678
649,"PAZ, GRAL. AV. Y TONELERO",GRAL PAZ,"PAZ, GRAL. AV.","PAZ, GRAL. AV. y TONELERO",9,-58.52931141,-34.65422917
650,Av. SAN JUAN Y AV. LA PLATA,AVENIDA,SAN JUAN AV.,SAN JUAN AV. y LA PLATA AV.,6,-58.42675754,-34.6269973
651,Av. LOPE DE VEGA Y AV. GRAL. PAZ,AVENIDA,LOPE DE VEGA AV.,"LOPE DE VEGA AV. y PAZ, GRAL. AV.",11,-58.52933723,-34.61098186
652,"AU FRONDIZI KM 2,9 (ALTURA BRASIL)",AUTOPISTA,AUTOPISTA 1 SUR PRESIDENTE ARTURO FRONDIZI,AUTOPISTA 1 SUR PRESIDENTE ARTURO FRONDIZI y BRASIL,1,-58.37910943,-34.62764718
653,"BEIRO, FRANCISCO AV. 5071",AVENIDA,"BEIRO, FRANCISCO AV.","BEIRO, FRANCISCO AV. 5071",11,-58.52161176,-34.61164474
654,AV. SANTA FE 3428,AVENIDA,SANTA FE AV.,SANTA FE AV. 3428,14,-58.41354692,-34.5869768
655,"CHILAVERT, MARTINIANO, CORONEL Y VARELA AV.",AVENIDA,"CHILAVERT, MARTINIANO, CORONEL","CHILAVERT, MARTINIANO, CORONEL y VARELA AV.",8,-58.43960781,-34.65470804
656,SAN LUIS 2730,CALLE,SAN LUIS,SAN LUIS 2730,3,-58.4045461,-34.60003693
657,CALLAO AV. Y PARAGUAY,AVENIDA,CALLAO AV.,CALLAO AV. y PARAGUAY,2,-58.39303911,-34.59871111
658,"DEL LIBERTADOR AV. Y AGOTE, LUIS DR.",AVENIDA,DEL LIBERTADOR AV.,"DEL LIBERTADOR AV. y AGOTE, LUIS DR.",2,-58.39391034,-34.58405348
659,"PAZ, GRAL. AV. Y BALBIN, RICARDO, DR. AV.",GRAL PAZ,"PAZ, GRAL. AV.","PAZ, GRAL. AV. y BALBIN, RICARDO, DR. AV.",12,-58.5007381,-34.5497951
660,SALTA Y BRASIL,CALLE,SALTA,SALTA y BRASIL,1,-58.38281301,-34.62786038
661,"MORENO, PERITO AV. 2152",AVENIDA,"MORENO, PERITO AV.","MORENO, PERITO AV. 2152",7,-58.43980799,-34.65094083
662,DIRECTORIO AV. 1169,AVENIDA,DIRECTORIO AV.,DIRECTORIO AV. 1169,6,-58.44402387,-34.62933109
663,INDEPENDENCIA AV. Y LA PLATA AV.,AVENIDA,INDEPENDENCIA AV.,INDEPENDENCIA AV. y LA PLATA AV.,6,-58.42779702,-34.62207347
664,TUCUMAN 3112,CALLE,TUCUMAN,TUCUMAN 3112,3,-58.40944147,-34.60097942
665,ARENALES Y 9 DE JULIO AV.,AVENIDA,ARENALES,ARENALES y 9 DE JULIO AV.,1,-58.38277479,-34.5943016
666,AU FRONDIZI SUBIDA BRANDSEN,AUTOPISTA,AUTOPISTA 1 SUR PRESIDENTE ARTURO FRONDIZI,AUTOPISTA 1 SUR PRESIDENTE ARTURO FRONDIZI y BRANDSEN,4,-58.37627355,-34.63800916
667,AU 25 DE MAYO KM7 (ALTURA PASCO),AUTOPISTA,AUTOPISTA 25 DE MAYO,AUTOPISTA 25 DE MAYO y PASCO,3,-58.39591856,-34.62453459
668,CABILDO AV. Y OLAZABAL,AVENIDA,CABILDO AV.,CABILDO AV. y OLAZABAL,13,-58.45829717,-34.56015762
669,TAPALQUE Y BRUIX AV.,AVENIDA,TAPALQUE,TAPALQUE y BRUIX AV.,9,-58.49142611,-34.64584795
670,"PAZ, GRAL. AV. Y EZEIZA",GRAL PAZ,"PAZ, GRAL. AV.","PAZ, GRAL. AV. y EZEIZA",12,-58.51271409,-34.57786555
671,RIVADAVIA AV. Y PUAN,AVENIDA,RIVADAVIA AV.,RIVADAVIA AV. y PUAN,6,-58.44864864,-34.62352826
672,ESMERALDA 1359,CALLE,ESMERALDA,ESMERALDA 1359,1,-58.37795815,-34.59167894
673,AV. MOROE Y 3 DE FEBRERO,CALLE,MONROE,MONROE y 3 DE FEBRERO,13,-58.45531707,-34.55555257
674,AV. GAONA 3655,AVENIDA,GAONA AV.,GAONA AV. 3655,11,-58.47633683,-34.62140594
675,AV. 9 DE JULIO Y LAVALLE,AVENIDA,9 DE JULIO AV.,9 DE JULIO AV. y LAVALLE,1,-58.38188582,-34.60256036
676,BAIGORRIA Y VICTOR HUGO,CALLE,BAIGORRIA,"BAIGORRIA y HUGO, VICTOR",10,-58.51989389,-34.62284918
677,AV. RIVADAVIA Y AV. PUEYRREDON,AVENIDA,RIVADAVIA AV.,RIVADAVIA AV. y PUEYRREDON AV.,3,-58.4059686,-34.61011987
678,AV. RIESTRA Y MOM,AVENIDA,RIESTRA AV.,RIESTRA AV. y MOM,7,-58.43353773,-34.64561636
679,AU DELLEPIANE Y LACARRA,AUTOPISTA,"DELLEPIANE, LUIS, TTE. GRAL.","DELLEPIANE, LUIS, TTE. GRAL. y LACARRA AV.",9,-58.46739825,-34.65117757
680,AV. GAONA Y TERRADA,AVENIDA,GAONA AV.,GAONA AV. y TERRADA,11,-58.47293407,-34.61984745
681,AV. EVA PERON 4071,AVENIDA,"PERON, EVA AV.","PERON, EVA AV. 4071",9,-58.47066794,-34.65021673
682,PADRE CARLOS MUJICA 709,CALLE,PADRE CARLOS MUJICA,PADRE CARLOS MUGICA 709,1,-58.37976155,-34.58679619
